text,category,priority
passport verification pending at Basti thana for 2 weeks,Police (Home Dept),Low
ganda paani nalo se aa raha hai Prayagraj City area me,Sanitation & Water (Jal Nigam/Nagar Nigam),High
talaab par kabza ho raha hai Gram Kachhona gaon mein,Rural Development (Panchayati Raj),Medium
mobile phone snatched while walking in Gonda City,Police (Home Dept),Medium
stray cattle destroying crops in Village Chhata farms,Rural Development (Panchayati Raj),Medium
"road caved in due to heavy rain in Mau Tehsil, traffic blocked",Roads (PWD/NHAI),High
need a sign board direction for Mau Tehsil village,Roads (PWD/NHAI),Low
water pipeline leakage wasting water in Gonda City,Sanitation & Water (Jal Nigam/Nagar Nigam),Medium
frequent power cuts in Sitapur One is affecting exam preparation,Electricity (UPPCL),Medium
doctor refused to treat critical patient in Raebareli Market phc,Health (Medical),High
solar panel subsidy ki jankari chahiye Gram Kachhona ke liye,Electricity (UPPCL),Low
"primary school roof is leaking in Mau Tehsil, dangerous for kids",Rural Development (Panchayati Raj),Medium
ganda paani nalo se aa raha hai Raebareli Market area me,Sanitation & Water (Jal Nigam/Nagar Nigam),High
long waiting line for opd registration in Tehsil Bikapur,Health (Medical),Low
encroachment by shopkeepers on road in Post Kakori,Roads (PWD/NHAI),Medium
public toilet tap is dripping in Gonda City,Sanitation & Water (Jal Nigam/Nagar Nigam),Low
transformer caught fire in Tehsil Bikapur and oil is leaking,Electricity (UPPCL),High
stray cattle destroying crops in Gram Kachhona farms,Rural Development (Panchayati Raj),Medium
mnrega ka paisa nahi mila Gram Kachhona mein,Rural Development (Panchayati Raj),High
x-ray machine kharab hai Bareilly Cantt mein,Health (Medical),Medium
birth certificate spelling correction request at Gram Kachhona,Health (Medical),Low
"ambulance nahi aa rahi Hardoi City mein, patient serious hai",Health (Medical),High
"flood water entered village houses in Village Chhata, need rescue",Rural Development (Panchayati Raj),High
"handpump kharab hai Hazratganj, Lucknow mein",Sanitation & Water (Jal Nigam/Nagar Nigam),Medium
park needs cleaning in Tehsil Bikapur residential area,Sanitation & Water (Jal Nigam/Nagar Nigam),Low
zebra crossing repaint kara do Gonda City chowk par,Roads (PWD/NHAI),Low
"general query about filing fir online for Sigra, Varanasi resident",Police (Home Dept),Low
"loudspeaker shor kar raha hai Civil Lines, Kanpur mein raat ko",Police (Home Dept),Medium
garbage truck not coming to Village Chhata for last 3 days,Sanitation & Water (Jal Nigam/Nagar Nigam),Medium
meter reading galat hai Orai wale ghar ki,Electricity (UPPCL),Medium
meter reading galat hai Etawah Main wale ghar ki,Electricity (UPPCL),Medium
phone chori ho gaya Prayagraj City market me,Police (Home Dept),Medium
mnrega ka paisa nahi mila Mau Tehsil mein,Rural Development (Panchayati Raj),High
"birth certificate spelling correction request at Hazratganj, Lucknow",Health (Medical),Low
stray cattle destroying crops in Gram Panchayat Bojhi farms,Rural Development (Panchayati Raj),Medium
unhygienic toilets in the Hardoi City government hospital,Health (Medical),Medium
"road caved in due to heavy rain in Orai, traffic blocked",Roads (PWD/NHAI),High
ladayi ho rahi hai Unnao City chourahe par,Police (Home Dept),High
road construction incomplete in Gonda City,Roads (PWD/NHAI),Medium
bijli ka bill bahut jyada aaya hai Gram Kachhona mein,Electricity (UPPCL),Medium
sadak par bada gadda hai Tehsil Bikapur market ke paas,Roads (PWD/NHAI),High
low voltage problem in Post Kakori during evening hours,Electricity (UPPCL),Medium
"flood water entered village houses in Tehsil Bikapur, need rescue",Rural Development (Panchayati Raj),High
fake medicine racket operating in Raebareli Market medical stores,Health (Medical),High
stray cattle destroying crops in Gram Panchayat Bojhi farms,Rural Development (Panchayati Raj),Medium
sadak toot gayi hai Remote area of Sonbhadra mein,Roads (PWD/NHAI),Medium
birth certificate spelling correction request at Block Malihabad,Health (Medical),Low
"vaccine kab lagega Gomti Nagar, Lucknow center par?",Health (Medical),Low
handpump kharab hai Gonda City mein,Sanitation & Water (Jal Nigam/Nagar Nigam),Medium
oxygen cylinder available nahi hai Gram Panchayat Bojhi hospital me,Health (Medical),High
footpath tiles broken in some places at Hardoi City,Roads (PWD/NHAI),Low
poore gaon mein light nahi hai Post Kakori mein pichle 2 din se,Electricity (UPPCL),High
oxygen cylinder available nahi hai Meerut City hospital me,Health (Medical),High
low voltage problem in Gram Kachhona during evening hours,Electricity (UPPCL),Medium
armed robbery in shop at Ghaziabad market last night,Police (Home Dept),High
"primary school roof is leaking in Village Chhata, dangerous for kids",Rural Development (Panchayati Raj),Medium
"meter name change application pending in Sigra, Varanasi",Electricity (UPPCL),Low
"chori ho gayi hai Village Rampur mein, police bhejo",Police (Home Dept),High
internet nahi chal raha Block Malihabad panchayat bhavan me,Rural Development (Panchayati Raj),Low
meter name change application pending in Gram Kachhona,Electricity (UPPCL),Low
"loudspeaker shor kar raha hai Hazratganj, Lucknow mein raat ko",Police (Home Dept),Medium
loudspeaker shor kar raha hai Ghaziabad mein raat ko,Police (Home Dept),Medium
meter name change application pending in Tehsil Bikapur,Electricity (UPPCL),Low
frequent power cuts in Village Basrehar is affecting exam preparation,Electricity (UPPCL),Medium
"ambulance nahi aa rahi Remote area of Sonbhadra mein, patient serious hai",Health (Medical),High
street light pole looking tilted in Barabanki Town,Electricity (UPPCL),Low
library books request for Gram Panchayat Bojhi village school,Rural Development (Panchayati Raj),Low
"public toilet tap is dripping in Hazratganj, Lucknow",Sanitation & Water (Jal Nigam/Nagar Nigam),Low
" मच्छर बहुत हो गए हैं Gram Kachhona में, फॉगिंग करवाओ",Sanitation & Water (Jal Nigam/Nagar Nigam),Low
mobile phone snatched while walking in Basti,Police (Home Dept),Medium
fake medicine racket operating in Prayagraj City medical stores,Health (Medical),High
footpath tiles broken in some places at Block Malihabad,Roads (PWD/NHAI),Low
"road caved in due to heavy rain in Ghaziabad, traffic blocked",Roads (PWD/NHAI),High
talaab par kabza ho raha hai Gram Kachhona gaon mein,Rural Development (Panchayati Raj),Medium
street light pole looking tilted in Sitapur One,Electricity (UPPCL),Low
phone chori ho gaya Block Malihabad market me,Police (Home Dept),Medium
"need a sign board direction for Sigra, Varanasi village",Roads (PWD/NHAI),Low
public toilet tap is dripping in Barabanki Town,Sanitation & Water (Jal Nigam/Nagar Nigam),Low
bijli ka bill bahut jyada aaya hai Raebareli Market mein,Electricity (UPPCL),Medium
"street light pole looking tilted in Hazratganj, Lucknow",Electricity (UPPCL),Low
"open manhole on main road in Raebareli Market, heavy accident risk",Sanitation & Water (Jal Nigam/Nagar Nigam),High
ganda paani nalo se aa raha hai Basti area me,Sanitation & Water (Jal Nigam/Nagar Nigam),High
frequent power cuts in Etawah Main is affecting exam preparation,Electricity (UPPCL),Medium
"clean water nahi aa raha hai Raebareli Market mein, paani bohot ganda hai",Sanitation & Water (Jal Nigam/Nagar Nigam),High
bijli ka bill bahut jyada aaya hai Unnao City mein,Electricity (UPPCL),Medium
phone chori ho gaya Faizabad Chowk market me,Police (Home Dept),Medium
water pipeline leakage wasting water in Noida Sector 18,Sanitation & Water (Jal Nigam/Nagar Nigam),Medium
loudspeaker shor kar raha hai Gram Kachhona mein raat ko,Police (Home Dept),Medium
"child kidnapped from Gomti Nagar, Lucknow school area",Police (Home Dept),High
" मच्छर बहुत हो गए हैं Orai में, फॉगिंग करवाओ",Sanitation & Water (Jal Nigam/Nagar Nigam),Low
"chori ho gayi hai Bareilly Cantt mein, police bhejo",Police (Home Dept),High
street light pole looking tilted in Etawah Main,Electricity (UPPCL),Low
"flood water entered village houses in Village Chhata, need rescue",Rural Development (Panchayati Raj),High
public toilet tap is dripping in Faizabad Chowk,Sanitation & Water (Jal Nigam/Nagar Nigam),Low
x-ray machine kharab hai Post Kakori mein,Health (Medical),Medium
sadak par bada gadda hai Tehsil Bikapur market ke paas,Roads (PWD/NHAI),High
fake medicine racket operating in Tehsil Bikapur medical stores,Health (Medical),High
"sewage water mixing with drinking water in Block Malihabad, kids falling sick",Sanitation & Water (Jal Nigam/Nagar Nigam),High
request to start sewing center for women in Village Rampur,Rural Development (Panchayati Raj),Low
phone chori ho gaya Agra Fort area market me,Police (Home Dept),Medium
internet nahi chal raha Village Rampur panchayat bhavan me,Rural Development (Panchayati Raj),Low
talaab par kabza ho raha hai Mau Tehsil gaon mein,Rural Development (Panchayati Raj),Medium
park needs cleaning in Raebareli Market residential area,Sanitation & Water (Jal Nigam/Nagar Nigam),Low
pradhan ne paisa kha liya Post Kakori road ka,Rural Development (Panchayati Raj),High
public toilet tap is dripping in Village Chhata,Sanitation & Water (Jal Nigam/Nagar Nigam),Low
handpump kharab hai Hardoi City mein,Sanitation & Water (Jal Nigam/Nagar Nigam),Medium
fake medicine racket operating in Barabanki Town medical stores,Health (Medical),High
birth certificate spelling correction request at Basti,Health (Medical),Low
encroachment by shopkeepers on road in Sitapur One,Roads (PWD/NHAI),Medium
kachra uthane vali gaadi nahi aayi Village Chhata mein,Sanitation & Water (Jal Nigam/Nagar Nigam),Medium
pradhan ne paisa kha liya Block Malihabad road ka,Rural Development (Panchayati Raj),High
armed robbery in shop at Barabanki Town market last night,Police (Home Dept),High
village pond is being encroached by builder in Tehsil Bikapur,Rural Development (Panchayati Raj),Medium
street light pole looking tilted in Hardoi City,Electricity (UPPCL),Low
"child kidnapped from Sigra, Varanasi school area",Police (Home Dept),High
handpump kharab hai Village Basrehar mein,Sanitation & Water (Jal Nigam/Nagar Nigam),Medium
village pond is being encroached by builder in Remote area of Sonbhadra,Rural Development (Panchayati Raj),Medium
meter name change application pending in Faizabad Chowk,Electricity (UPPCL),Low
"chori ho gayi hai Village Basrehar mein, police bhejo",Police (Home Dept),High
" मच्छर बहुत हो गए हैं Noida Sector 18 में, फॉगिंग करवाओ",Sanitation & Water (Jal Nigam/Nagar Nigam),Low
park needs cleaning in Mau Tehsil residential area,Sanitation & Water (Jal Nigam/Nagar Nigam),Low
phone chori ho gaya Bareilly Cantt market me,Police (Home Dept),Medium
mnrega ka paisa nahi mila Remote area of Sonbhadra mein,Rural Development (Panchayati Raj),High
doctor late aate hain Village Rampur hospital mein,Health (Medical),Medium
"chori ho gayi hai Gonda City mein, police bhejo",Police (Home Dept),High
"open manhole on main road in Remote area of Sonbhadra, heavy accident risk",Sanitation & Water (Jal Nigam/Nagar Nigam),High
"clean water nahi aa raha hai Barabanki Town mein, paani bohot ganda hai",Sanitation & Water (Jal Nigam/Nagar Nigam),High
traffic police asking for bribe at Unnao City crossing,Police (Home Dept),Medium
birth certificate spelling correction request at Post Kakori,Health (Medical),Low
"primary school roof is leaking in Gram Kachhona, dangerous for kids",Rural Development (Panchayati Raj),Medium
potholes needs repair in Noida Sector 18 before monsoon,Roads (PWD/NHAI),Medium
"open manhole on main road in Gonda City, heavy accident risk",Sanitation & Water (Jal Nigam/Nagar Nigam),High
request to start sewing center for women in Remote area of Sonbhadra,Rural Development (Panchayati Raj),Low
"road caved in due to heavy rain in Orai, traffic blocked",Roads (PWD/NHAI),High
armed robbery in shop at Noida Sector 18 market last night,Police (Home Dept),High
passport verification pending at Village Rampur thana for 2 weeks,Police (Home Dept),Low
meter reading galat hai Unnao City wale ghar ki,Electricity (UPPCL),Medium
character certificate chahiye Etawah Main police station se,Police (Home Dept),Low
internet nahi chal raha Village Basrehar panchayat bhavan me,Rural Development (Panchayati Raj),Low
"meter reading galat hai Sigra, Varanasi wale ghar ki",Electricity (UPPCL),Medium
dogs roaming inside the ward at Village Chhata chc,Health (Medical),Medium
internet nahi chal raha Block Malihabad panchayat bhavan me,Rural Development (Panchayati Raj),Low
potholes needs repair in Noida Sector 18 before monsoon,Roads (PWD/NHAI),Medium
zebra crossing repaint kara do Post Kakori chowk par,Roads (PWD/NHAI),Low
internet nahi chal raha Gram Kachhona panchayat bhavan me,Rural Development (Panchayati Raj),Low
huge crater in middle of road at Prayagraj City causing accidents daily,Roads (PWD/NHAI),High
general query about filing fir online for Barabanki Town resident,Police (Home Dept),Low
x-ray machine kharab hai Remote area of Sonbhadra mein,Health (Medical),Medium
mobile phone snatched while walking in Tehsil Bikapur,Police (Home Dept),Medium
"unhygienic toilets in the Sigra, Varanasi government hospital",Health (Medical),Medium
water pipeline leakage wasting water in Mau Tehsil,Sanitation & Water (Jal Nigam/Nagar Nigam),Medium
"doctor refused to treat critical patient in Gomti Nagar, Lucknow phc",Health (Medical),High
internet nahi chal raha Tehsil Bikapur panchayat bhavan me,Rural Development (Panchayati Raj),Low
ladayi ho rahi hai Village Basrehar chourahe par,Police (Home Dept),High
oxygen cylinder available nahi hai Gram Panchayat Bojhi hospital me,Health (Medical),High
road construction incomplete in Block Malihabad,Roads (PWD/NHAI),Medium
doctor refused to treat critical patient in Hardoi City phc,Health (Medical),High
low voltage problem in Gonda City during evening hours,Electricity (UPPCL),Medium
meter name change application pending in Post Kakori,Electricity (UPPCL),Low
meter reading galat hai Tehsil Bikapur wale ghar ki,Electricity (UPPCL),Medium
doctor late aate hain Noida Sector 18 hospital mein,Health (Medical),Medium
"Hazratganj, Lucknow me transformer jal gaya hai, turant change karein",Electricity (UPPCL),High
doctor late aate hain Post Kakori hospital mein,Health (Medical),Medium
meter name change application pending in Gram Panchayat Bojhi,Electricity (UPPCL),Low
"phone chori ho gaya Gomti Nagar, Lucknow market me",Police (Home Dept),Medium
fake medicine racket operating in Unnao City medical stores,Health (Medical),High
mobile phone snatched while walking in Meerut City,Police (Home Dept),Medium
huge crater in middle of road at Village Basrehar causing accidents daily,Roads (PWD/NHAI),High
"live wire fell on the street in Civil Lines, Kanpur, huge danger to kids",Electricity (UPPCL),High
"open manhole on main road in Civil Lines, Kanpur, heavy accident risk",Sanitation & Water (Jal Nigam/Nagar Nigam),High
"bridge railing toot gayi hai Sigra, Varanasi mein",Roads (PWD/NHAI),High
long waiting line for opd registration in Prayagraj City,Health (Medical),Low
"open manhole on main road in Faizabad Chowk, heavy accident risk",Sanitation & Water (Jal Nigam/Nagar Nigam),High
"need a sign board direction for Civil Lines, Kanpur village",Roads (PWD/NHAI),Low
solar panel subsidy ki jankari chahiye Basti ke liye,Electricity (UPPCL),Low
passport verification pending at Unnao City thana for 2 weeks,Police (Home Dept),Low
zebra crossing repaint kara do Barabanki Town chowk par,Roads (PWD/NHAI),Low
kachra uthane vali gaadi nahi aayi Village Rampur mein,Sanitation & Water (Jal Nigam/Nagar Nigam),Medium
long waiting line for opd registration in Bareilly Cantt,Health (Medical),Low
pradhan ne paisa kha liya Gram Panchayat Bojhi road ka,Rural Development (Panchayati Raj),High
x-ray machine kharab hai Basti mein,Health (Medical),Medium
mobile phone snatched while walking in Bareilly Cantt,Police (Home Dept),Medium
mnrega ka paisa nahi mila Gram Panchayat Bojhi mein,Rural Development (Panchayati Raj),High
zebra crossing repaint kara do Prayagraj City chowk par,Roads (PWD/NHAI),Low
"ambulance nahi aa rahi Remote area of Sonbhadra mein, patient serious hai",Health (Medical),High
bridge railing toot gayi hai Barabanki Town mein,Roads (PWD/NHAI),High
ganda paani nalo se aa raha hai Noida Sector 18 area me,Sanitation & Water (Jal Nigam/Nagar Nigam),High
zebra crossing repaint kara do Sitapur One chowk par,Roads (PWD/NHAI),Low
library books request for Gram Kachhona village school,Rural Development (Panchayati Raj),Low
doctor late aate hain Gram Panchayat Bojhi hospital mein,Health (Medical),Medium
"flood water entered village houses in Post Kakori, need rescue",Rural Development (Panchayati Raj),High
"chori ho gayi hai Remote area of Sonbhadra mein, police bhejo",Police (Home Dept),High
footpath tiles broken in some places at Bareilly Cantt,Roads (PWD/NHAI),Low
poore gaon mein light nahi hai Etawah Main mein pichle 2 din se,Electricity (UPPCL),High
passport verification pending at Orai thana for 2 weeks,Police (Home Dept),Low
public toilet tap is dripping in Unnao City,Sanitation & Water (Jal Nigam/Nagar Nigam),Low
traffic police asking for bribe at Village Basrehar crossing,Police (Home Dept),Medium
internet nahi chal raha Mau Tehsil panchayat bhavan me,Rural Development (Panchayati Raj),Low
pradhan embezzled all money for road construction in Tehsil Bikapur,Rural Development (Panchayati Raj),High
park needs cleaning in Gonda City residential area,Sanitation & Water (Jal Nigam/Nagar Nigam),Low
sadak toot gayi hai Etawah Main mein,Roads (PWD/NHAI),Medium
park needs cleaning in Gonda City residential area,Sanitation & Water (Jal Nigam/Nagar Nigam),Low
huge crater in middle of road at Gram Kachhona causing accidents daily,Roads (PWD/NHAI),High
garbage truck not coming to Gram Panchayat Bojhi for last 3 days,Sanitation & Water (Jal Nigam/Nagar Nigam),Medium
park needs cleaning in Remote area of Sonbhadra residential area,Sanitation & Water (Jal Nigam/Nagar Nigam),Low
park needs cleaning in Gram Panchayat Bojhi residential area,Sanitation & Water (Jal Nigam/Nagar Nigam),Low
huge crater in middle of road at Prayagraj City causing accidents daily,Roads (PWD/NHAI),High
footpath tiles broken in some places at Post Kakori,Roads (PWD/NHAI),Low
meter reading galat hai Post Kakori wale ghar ki,Electricity (UPPCL),Medium
water pipeline leakage wasting water in Village Rampur,Sanitation & Water (Jal Nigam/Nagar Nigam),Medium
bridge railing toot gayi hai Agra Fort area mein,Roads (PWD/NHAI),High
"live wire fell on the street in Gram Kachhona, huge danger to kids",Electricity (UPPCL),High
internet nahi chal raha Post Kakori panchayat bhavan me,Rural Development (Panchayati Raj),Low
internet nahi chal raha Mau Tehsil panchayat bhavan me,Rural Development (Panchayati Raj),Low
character certificate chahiye Gram Kachhona police station se,Police (Home Dept),Low
character certificate chahiye Village Chhata police station se,Police (Home Dept),Low
"clean water nahi aa raha hai Faizabad Chowk mein, paani bohot ganda hai",Sanitation & Water (Jal Nigam/Nagar Nigam),High
bijli ka bill bahut jyada aaya hai Agra Fort area mein,Electricity (UPPCL),Medium
solar panel subsidy ki jankari chahiye Basti ke liye,Electricity (UPPCL),Low
" मच्छर बहुत हो गए हैं Sitapur One में, फॉगिंग करवाओ",Sanitation & Water (Jal Nigam/Nagar Nigam),Low
solar panel subsidy ki jankari chahiye Tehsil Bikapur ke liye,Electricity (UPPCL),Low
vaccine kab lagega Raebareli Market center par?,Health (Medical),Low
library books request for Village Rampur village school,Rural Development (Panchayati Raj),Low
footpath tiles broken in some places at Mau Tehsil,Roads (PWD/NHAI),Low
general query about filing fir online for Block Malihabad resident,Police (Home Dept),Low
footpath tiles broken in some places at Orai,Roads (PWD/NHAI),Low
x-ray machine kharab hai Block Malihabad mein,Health (Medical),Medium
solar panel subsidy ki jankari chahiye Remote area of Sonbhadra ke liye,Electricity (UPPCL),Low
doctor refused to treat critical patient in Basti phc,Health (Medical),High
encroachment by shopkeepers on road in Bareilly Cantt,Roads (PWD/NHAI),Medium
fake medicine racket operating in Gram Panchayat Bojhi medical stores,Health (Medical),High
pradhan ne paisa kha liya Village Basrehar road ka,Rural Development (Panchayati Raj),High
"ambulance nahi aa rahi Etawah Main mein, patient serious hai",Health (Medical),High
street light pole looking tilted in Prayagraj City,Electricity (UPPCL),Low
oxygen cylinder available nahi hai Barabanki Town hospital me,Health (Medical),High
"Village Basrehar me transformer jal gaya hai, turant change karein",Electricity (UPPCL),High
village pond is being encroached by builder in Village Rampur,Rural Development (Panchayati Raj),Medium
character certificate chahiye Remote area of Sonbhadra police station se,Police (Home Dept),Low
x-ray machine kharab hai Bareilly Cantt mein,Health (Medical),Medium
zebra crossing repaint kara do Faizabad Chowk chowk par,Roads (PWD/NHAI),Low
long waiting line for opd registration in Village Basrehar,Health (Medical),Low
passport verification pending at Post Kakori thana for 2 weeks,Police (Home Dept),Low
"road caved in due to heavy rain in Gonda City, traffic blocked",Roads (PWD/NHAI),High
armed robbery in shop at Agra Fort area market last night,Police (Home Dept),High
bridge railing toot gayi hai Unnao City mein,Roads (PWD/NHAI),High
street light pole looking tilted in Barabanki Town,Electricity (UPPCL),Low
"transformer caught fire in Sigra, Varanasi and oil is leaking",Electricity (UPPCL),High
zebra crossing repaint kara do Mau Tehsil chowk par,Roads (PWD/NHAI),Low
"long waiting line for opd registration in Hazratganj, Lucknow",Health (Medical),Low
huge crater in middle of road at Prayagraj City causing accidents daily,Roads (PWD/NHAI),High
garbage truck not coming to Sitapur One for last 3 days,Sanitation & Water (Jal Nigam/Nagar Nigam),Medium
library books request for Tehsil Bikapur village school,Rural Development (Panchayati Raj),Low
stray cattle destroying crops in Village Basrehar farms,Rural Development (Panchayati Raj),Medium
"road caved in due to heavy rain in Basti, traffic blocked",Roads (PWD/NHAI),High
water pipeline leakage wasting water in Gonda City,Sanitation & Water (Jal Nigam/Nagar Nigam),Medium
"road caved in due to heavy rain in Barabanki Town, traffic blocked",Roads (PWD/NHAI),High
"sadak toot gayi hai Civil Lines, Kanpur mein",Roads (PWD/NHAI),Medium
"live wire fell on the street in Sigra, Varanasi, huge danger to kids",Electricity (UPPCL),High
park needs cleaning in Hardoi City residential area,Sanitation & Water (Jal Nigam/Nagar Nigam),Low
traffic police asking for bribe at Hardoi City crossing,Police (Home Dept),Medium
"sewage water mixing with drinking water in Basti, kids falling sick",Sanitation & Water (Jal Nigam/Nagar Nigam),High
internet nahi chal raha Gram Kachhona panchayat bhavan me,Rural Development (Panchayati Raj),Low
"chori ho gayi hai Civil Lines, Kanpur mein, police bhejo",Police (Home Dept),High
internet nahi chal raha Village Rampur panchayat bhavan me,Rural Development (Panchayati Raj),Low
"ambulance nahi aa rahi Bareilly Cantt mein, patient serious hai",Health (Medical),High
transformer caught fire in Gram Panchayat Bojhi and oil is leaking,Electricity (UPPCL),High
zebra crossing repaint kara do Raebareli Market chowk par,Roads (PWD/NHAI),Low
village pond is being encroached by builder in Post Kakori,Rural Development (Panchayati Raj),Medium
street light pole looking tilted in Block Malihabad,Electricity (UPPCL),Low
character certificate chahiye Gram Panchayat Bojhi police station se,Police (Home Dept),Low
birth certificate spelling correction request at Village Chhata,Health (Medical),Low
huge crater in middle of road at Village Chhata causing accidents daily,Roads (PWD/NHAI),High
dogs roaming inside the ward at Agra Fort area chc,Health (Medical),Medium
frequent power cuts in Faizabad Chowk is affecting exam preparation,Electricity (UPPCL),Medium
meter name change application pending in Sitapur One,Electricity (UPPCL),Low
solar panel subsidy ki jankari chahiye Raebareli Market ke liye,Electricity (UPPCL),Low
long waiting line for opd registration in Village Basrehar,Health (Medical),Low
bridge railing toot gayi hai Etawah Main mein,Roads (PWD/NHAI),High
transformer caught fire in Meerut City and oil is leaking,Electricity (UPPCL),High
talaab par kabza ho raha hai Village Chhata gaon mein,Rural Development (Panchayati Raj),Medium
frequent power cuts in Mau Tehsil is affecting exam preparation,Electricity (UPPCL),Medium
pradhan embezzled all money for road construction in Post Kakori,Rural Development (Panchayati Raj),High
solar panel subsidy ki jankari chahiye Tehsil Bikapur ke liye,Electricity (UPPCL),Low
village pond is being encroached by builder in Gram Panchayat Bojhi,Rural Development (Panchayati Raj),Medium
mobile phone snatched while walking in Ghaziabad,Police (Home Dept),Medium
"Meerut City me transformer jal gaya hai, turant change karein",Electricity (UPPCL),High
traffic police asking for bribe at Village Basrehar crossing,Police (Home Dept),Medium
"flood water entered village houses in Gram Kachhona, need rescue",Rural Development (Panchayati Raj),High
doctor refused to treat critical patient in Post Kakori phc,Health (Medical),High
huge crater in middle of road at Village Rampur causing accidents daily,Roads (PWD/NHAI),High
park needs cleaning in Agra Fort area residential area,Sanitation & Water (Jal Nigam/Nagar Nigam),Low
stray cattle destroying crops in Mau Tehsil farms,Rural Development (Panchayati Raj),Medium
"phone chori ho gaya Civil Lines, Kanpur market me",Police (Home Dept),Medium
pradhan embezzled all money for road construction in Post Kakori,Rural Development (Panchayati Raj),High
pradhan embezzled all money for road construction in Block Malihabad,Rural Development (Panchayati Raj),High
"fake medicine racket operating in Civil Lines, Kanpur medical stores",Health (Medical),High
"primary school roof is leaking in Mau Tehsil, dangerous for kids",Rural Development (Panchayati Raj),Medium
frequent power cuts in Agra Fort area is affecting exam preparation,Electricity (UPPCL),Medium
fake medicine racket operating in Remote area of Sonbhadra medical stores,Health (Medical),High
request to start sewing center for women in Village Chhata,Rural Development (Panchayati Raj),Low
mobile phone snatched while walking in Remote area of Sonbhadra,Police (Home Dept),Medium
traffic police asking for bribe at Faizabad Chowk crossing,Police (Home Dept),Medium
mobile phone snatched while walking in Village Chhata,Police (Home Dept),Medium
bridge railing toot gayi hai Faizabad Chowk mein,Roads (PWD/NHAI),High
birth certificate spelling correction request at Meerut City,Health (Medical),Low
"Gonda City me transformer jal gaya hai, turant change karein",Electricity (UPPCL),High
talaab par kabza ho raha hai Gram Panchayat Bojhi gaon mein,Rural Development (Panchayati Raj),Medium
handpump kharab hai Village Rampur mein,Sanitation & Water (Jal Nigam/Nagar Nigam),Medium
oxygen cylinder available nahi hai Noida Sector 18 hospital me,Health (Medical),High
stray cattle destroying crops in Gram Panchayat Bojhi farms,Rural Development (Panchayati Raj),Medium
zebra crossing repaint kara do Faizabad Chowk chowk par,Roads (PWD/NHAI),Low
meter name change application pending in Bareilly Cantt,Electricity (UPPCL),Low
encroachment by shopkeepers on road in Raebareli Market,Roads (PWD/NHAI),Medium
unhygienic toilets in the Gonda City government hospital,Health (Medical),Medium
ganda paani nalo se aa raha hai Noida Sector 18 area me,Sanitation & Water (Jal Nigam/Nagar Nigam),High
talaab par kabza ho raha hai Village Rampur gaon mein,Rural Development (Panchayati Raj),Medium
general query about filing fir online for Unnao City resident,Police (Home Dept),Low
traffic police asking for bribe at Faizabad Chowk crossing,Police (Home Dept),Medium
child kidnapped from Tehsil Bikapur school area,Police (Home Dept),High
birth certificate spelling correction request at Meerut City,Health (Medical),Low
"loudspeaker shor kar raha hai Sigra, Varanasi mein raat ko",Police (Home Dept),Medium
need a sign board direction for Meerut City village,Roads (PWD/NHAI),Low
library books request for Post Kakori village school,Rural Development (Panchayati Raj),Low
low voltage problem in Block Malihabad during evening hours,Electricity (UPPCL),Medium
encroachment by shopkeepers on road in Noida Sector 18,Roads (PWD/NHAI),Medium
library books request for Remote area of Sonbhadra village school,Rural Development (Panchayati Raj),Low
general query about filing fir online for Hardoi City resident,Police (Home Dept),Low
bridge railing toot gayi hai Mau Tehsil mein,Roads (PWD/NHAI),High
"road caved in due to heavy rain in Barabanki Town, traffic blocked",Roads (PWD/NHAI),High
"child kidnapped from Gomti Nagar, Lucknow school area",Police (Home Dept),High
"open manhole on main road in Sitapur One, heavy accident risk",Sanitation & Water (Jal Nigam/Nagar Nigam),High
"ladayi ho rahi hai Sigra, Varanasi chourahe par",Police (Home Dept),High
water pipeline leakage wasting water in Etawah Main,Sanitation & Water (Jal Nigam/Nagar Nigam),Medium
bridge railing toot gayi hai Village Basrehar mein,Roads (PWD/NHAI),High
"sewage water mixing with drinking water in Meerut City, kids falling sick",Sanitation & Water (Jal Nigam/Nagar Nigam),High
"flood water entered village houses in Post Kakori, need rescue",Rural Development (Panchayati Raj),High
unhygienic toilets in the Block Malihabad government hospital,Health (Medical),Medium
"sewage water mixing with drinking water in Raebareli Market, kids falling sick",Sanitation & Water (Jal Nigam/Nagar Nigam),High
doctor late aate hain Village Rampur hospital mein,Health (Medical),Medium
general query about filing fir online for Noida Sector 18 resident,Police (Home Dept),Low
long waiting line for opd registration in Mau Tehsil,Health (Medical),Low
bridge railing toot gayi hai Gonda City mein,Roads (PWD/NHAI),High
armed robbery in shop at Mau Tehsil market last night,Police (Home Dept),High
"Village Rampur me transformer jal gaya hai, turant change karein",Electricity (UPPCL),High
stray cattle destroying crops in Village Chhata farms,Rural Development (Panchayati Raj),Medium
handpump kharab hai Remote area of Sonbhadra mein,Sanitation & Water (Jal Nigam/Nagar Nigam),Medium
loudspeaker shor kar raha hai Hardoi City mein raat ko,Police (Home Dept),Medium
dogs roaming inside the ward at Barabanki Town chc,Health (Medical),Medium
character certificate chahiye Remote area of Sonbhadra police station se,Police (Home Dept),Low
armed robbery in shop at Etawah Main market last night,Police (Home Dept),High
general query about filing fir online for Agra Fort area resident,Police (Home Dept),Low
"flood water entered village houses in Remote area of Sonbhadra, need rescue",Rural Development (Panchayati Raj),High
low voltage problem in Bareilly Cantt during evening hours,Electricity (UPPCL),Medium
talaab par kabza ho raha hai Remote area of Sonbhadra gaon mein,Rural Development (Panchayati Raj),Medium
zebra crossing repaint kara do Mau Tehsil chowk par,Roads (PWD/NHAI),Low
frequent power cuts in Unnao City is affecting exam preparation,Electricity (UPPCL),Medium
character certificate chahiye Gonda City police station se,Police (Home Dept),Low
"oxygen cylinder available nahi hai Sigra, Varanasi hospital me",Health (Medical),High
"transformer caught fire in Sigra, Varanasi and oil is leaking",Electricity (UPPCL),High
need a sign board direction for Village Chhata village,Roads (PWD/NHAI),Low
need a sign board direction for Village Rampur village,Roads (PWD/NHAI),Low
"sewage water mixing with drinking water in Village Rampur, kids falling sick",Sanitation & Water (Jal Nigam/Nagar Nigam),High
"flood water entered village houses in Gram Panchayat Bojhi, need rescue",Rural Development (Panchayati Raj),High
"long waiting line for opd registration in Hazratganj, Lucknow",Health (Medical),Low
dogs roaming inside the ward at Post Kakori chc,Health (Medical),Medium
need a sign board direction for Block Malihabad village,Roads (PWD/NHAI),Low
"ambulance nahi aa rahi Prayagraj City mein, patient serious hai",Health (Medical),High
village pond is being encroached by builder in Mau Tehsil,Rural Development (Panchayati Raj),Medium
road construction incomplete in Village Rampur,Roads (PWD/NHAI),Medium
solar panel subsidy ki jankari chahiye Gram Panchayat Bojhi ke liye,Electricity (UPPCL),Low
" मच्छर बहुत हो गए हैं Tehsil Bikapur में, फॉगिंग करवाओ",Sanitation & Water (Jal Nigam/Nagar Nigam),Low
solar panel subsidy ki jankari chahiye Faizabad Chowk ke liye,Electricity (UPPCL),Low
"clean water nahi aa raha hai Gomti Nagar, Lucknow mein, paani bohot ganda hai",Sanitation & Water (Jal Nigam/Nagar Nigam),High
sadak par bada gadda hai Agra Fort area market ke paas,Roads (PWD/NHAI),High
sadak par bada gadda hai Raebareli Market market ke paas,Roads (PWD/NHAI),High
stray cattle destroying crops in Village Chhata farms,Rural Development (Panchayati Raj),Medium
bijli ka bill bahut jyada aaya hai Unnao City mein,Electricity (UPPCL),Medium
"live wire fell on the street in Gram Panchayat Bojhi, huge danger to kids",Electricity (UPPCL),High
"frequent power cuts in Civil Lines, Kanpur is affecting exam preparation",Electricity (UPPCL),Medium
ladayi ho rahi hai Tehsil Bikapur chourahe par,Police (Home Dept),High
dogs roaming inside the ward at Agra Fort area chc,Health (Medical),Medium
"primary school roof is leaking in Post Kakori, dangerous for kids",Rural Development (Panchayati Raj),Medium
meter name change application pending in Unnao City,Electricity (UPPCL),Low
armed robbery in shop at Unnao City market last night,Police (Home Dept),High
library books request for Gram Panchayat Bojhi village school,Rural Development (Panchayati Raj),Low
doctor refused to treat critical patient in Faizabad Chowk phc,Health (Medical),High
bridge railing toot gayi hai Village Rampur mein,Roads (PWD/NHAI),High
park needs cleaning in Gram Kachhona residential area,Sanitation & Water (Jal Nigam/Nagar Nigam),Low
sadak toot gayi hai Etawah Main mein,Roads (PWD/NHAI),Medium
pradhan ne paisa kha liya Post Kakori road ka,Rural Development (Panchayati Raj),High
loudspeaker shor kar raha hai Village Chhata mein raat ko,Police (Home Dept),Medium
"flood water entered village houses in Village Basrehar, need rescue",Rural Development (Panchayati Raj),High
"bijli ka bill bahut jyada aaya hai Civil Lines, Kanpur mein",Electricity (UPPCL),Medium
frequent power cuts in Noida Sector 18 is affecting exam preparation,Electricity (UPPCL),Medium
doctor refused to treat critical patient in Sitapur One phc,Health (Medical),High
traffic police asking for bribe at Faizabad Chowk crossing,Police (Home Dept),Medium
"flood water entered village houses in Tehsil Bikapur, need rescue",Rural Development (Panchayati Raj),High
" मच्छर बहुत हो गए हैं Bareilly Cantt में, फॉगिंग करवाओ",Sanitation & Water (Jal Nigam/Nagar Nigam),Low
"live wire fell on the street in Gram Panchayat Bojhi, huge danger to kids",Electricity (UPPCL),High
stray cattle destroying crops in Post Kakori farms,Rural Development (Panchayati Raj),Medium
need a sign board direction for Village Chhata village,Roads (PWD/NHAI),Low
ladayi ho rahi hai Gram Kachhona chourahe par,Police (Home Dept),High
armed robbery in shop at Village Rampur market last night,Police (Home Dept),High
meter name change application pending in Remote area of Sonbhadra,Electricity (UPPCL),Low
pradhan embezzled all money for road construction in Gram Kachhona,Rural Development (Panchayati Raj),High
meter name change application pending in Block Malihabad,Electricity (UPPCL),Low
sadak toot gayi hai Tehsil Bikapur mein,Roads (PWD/NHAI),Medium
transformer caught fire in Etawah Main and oil is leaking,Electricity (UPPCL),High
passport verification pending at Mau Tehsil thana for 2 weeks,Police (Home Dept),Low
"phone chori ho gaya Sigra, Varanasi market me",Police (Home Dept),Medium
"birth certificate spelling correction request at Gomti Nagar, Lucknow",Health (Medical),Low
ganda paani nalo se aa raha hai Basti area me,Sanitation & Water (Jal Nigam/Nagar Nigam),High
talaab par kabza ho raha hai Mau Tehsil gaon mein,Rural Development (Panchayati Raj),Medium
public toilet tap is dripping in Gonda City,Sanitation & Water (Jal Nigam/Nagar Nigam),Low
need a sign board direction for Sitapur One village,Roads (PWD/NHAI),Low
"bijli ka bill bahut jyada aaya hai Hazratganj, Lucknow mein",Electricity (UPPCL),Medium
passport verification pending at Meerut City thana for 2 weeks,Police (Home Dept),Low
birth certificate spelling correction request at Sitapur One,Health (Medical),Low
fake medicine racket operating in Tehsil Bikapur medical stores,Health (Medical),High
vaccine kab lagega Etawah Main center par?,Health (Medical),Low
solar panel subsidy ki jankari chahiye Meerut City ke liye,Electricity (UPPCL),Low
potholes needs repair in Hardoi City before monsoon,Roads (PWD/NHAI),Medium
dogs roaming inside the ward at Hardoi City chc,Health (Medical),Medium
"solar panel subsidy ki jankari chahiye Hazratganj, Lucknow ke liye",Electricity (UPPCL),Low
pradhan embezzled all money for road construction in Remote area of Sonbhadra,Rural Development (Panchayati Raj),High
handpump kharab hai Basti mein,Sanitation & Water (Jal Nigam/Nagar Nigam),Medium
"Tehsil Bikapur me transformer jal gaya hai, turant change karein",Electricity (UPPCL),High
"garbage truck not coming to Sigra, Varanasi for last 3 days",Sanitation & Water (Jal Nigam/Nagar Nigam),Medium
armed robbery in shop at Block Malihabad market last night,Police (Home Dept),High
"road caved in due to heavy rain in Village Rampur, traffic blocked",Roads (PWD/NHAI),High
"clean water nahi aa raha hai Meerut City mein, paani bohot ganda hai",Sanitation & Water (Jal Nigam/Nagar Nigam),High
village pond is being encroached by builder in Village Chhata,Rural Development (Panchayati Raj),Medium
child kidnapped from Orai school area,Police (Home Dept),High
birth certificate spelling correction request at Remote area of Sonbhadra,Health (Medical),Low
public toilet tap is dripping in Meerut City,Sanitation & Water (Jal Nigam/Nagar Nigam),Low
passport verification pending at Agra Fort area thana for 2 weeks,Police (Home Dept),Low
talaab par kabza ho raha hai Tehsil Bikapur gaon mein,Rural Development (Panchayati Raj),Medium
garbage truck not coming to Ghaziabad for last 3 days,Sanitation & Water (Jal Nigam/Nagar Nigam),Medium
" मच्छर बहुत हो गए हैं Hardoi City में, फॉगिंग करवाओ",Sanitation & Water (Jal Nigam/Nagar Nigam),Low
potholes needs repair in Block Malihabad before monsoon,Roads (PWD/NHAI),Medium
vaccine kab lagega Orai center par?,Health (Medical),Low
transformer caught fire in Mau Tehsil and oil is leaking,Electricity (UPPCL),High
sadak par bada gadda hai Gonda City market ke paas,Roads (PWD/NHAI),High
"chori ho gayi hai Orai mein, police bhejo",Police (Home Dept),High
"open manhole on main road in Mau Tehsil, heavy accident risk",Sanitation & Water (Jal Nigam/Nagar Nigam),High
meter name change application pending in Etawah Main,Electricity (UPPCL),Low
"open manhole on main road in Barabanki Town, heavy accident risk",Sanitation & Water (Jal Nigam/Nagar Nigam),High
"general query about filing fir online for Hazratganj, Lucknow resident",Police (Home Dept),Low
"ambulance nahi aa rahi Raebareli Market mein, patient serious hai",Health (Medical),High
"chori ho gayi hai Basti mein, police bhejo",Police (Home Dept),High
"primary school roof is leaking in Remote area of Sonbhadra, dangerous for kids",Rural Development (Panchayati Raj),Medium
zebra crossing repaint kara do Village Basrehar chowk par,Roads (PWD/NHAI),Low
"vaccine kab lagega Hazratganj, Lucknow center par?",Health (Medical),Low
"doctor refused to treat critical patient in Civil Lines, Kanpur phc",Health (Medical),High
handpump kharab hai Noida Sector 18 mein,Sanitation & Water (Jal Nigam/Nagar Nigam),Medium
x-ray machine kharab hai Gram Panchayat Bojhi mein,Health (Medical),Medium
handpump kharab hai Ghaziabad mein,Sanitation & Water (Jal Nigam/Nagar Nigam),Medium
"fake medicine racket operating in Sigra, Varanasi medical stores",Health (Medical),High
request to start sewing center for women in Post Kakori,Rural Development (Panchayati Raj),Low
handpump kharab hai Post Kakori mein,Sanitation & Water (Jal Nigam/Nagar Nigam),Medium
pradhan embezzled all money for road construction in Village Chhata,Rural Development (Panchayati Raj),High
long waiting line for opd registration in Etawah Main,Health (Medical),Low
pradhan ne paisa kha liya Mau Tehsil road ka,Rural Development (Panchayati Raj),High
passport verification pending at Village Rampur thana for 2 weeks,Police (Home Dept),Low
zebra crossing repaint kara do Post Kakori chowk par,Roads (PWD/NHAI),Low
poore gaon mein light nahi hai Hardoi City mein pichle 2 din se,Electricity (UPPCL),High
character certificate chahiye Village Rampur police station se,Police (Home Dept),Low
park needs cleaning in Hardoi City residential area,Sanitation & Water (Jal Nigam/Nagar Nigam),Low
need a sign board direction for Meerut City village,Roads (PWD/NHAI),Low
meter name change application pending in Village Rampur,Electricity (UPPCL),Low
bridge railing toot gayi hai Hardoi City mein,Roads (PWD/NHAI),High
dogs roaming inside the ward at Tehsil Bikapur chc,Health (Medical),Medium
ganda paani nalo se aa raha hai Gram Panchayat Bojhi area me,Sanitation & Water (Jal Nigam/Nagar Nigam),High
"clean water nahi aa raha hai Village Basrehar mein, paani bohot ganda hai",Sanitation & Water (Jal Nigam/Nagar Nigam),High
library books request for Gram Kachhona village school,Rural Development (Panchayati Raj),Low
public toilet tap is dripping in Faizabad Chowk,Sanitation & Water (Jal Nigam/Nagar Nigam),Low
general query about filing fir online for Prayagraj City resident,Police (Home Dept),Low
"ambulance nahi aa rahi Unnao City mein, patient serious hai",Health (Medical),High
" मच्छर बहुत हो गए हैं Bareilly Cantt में, फॉगिंग करवाओ",Sanitation & Water (Jal Nigam/Nagar Nigam),Low
street light pole looking tilted in Block Malihabad,Electricity (UPPCL),Low
ganda paani nalo se aa raha hai Bareilly Cantt area me,Sanitation & Water (Jal Nigam/Nagar Nigam),High
mobile phone snatched while walking in Noida Sector 18,Police (Home Dept),Medium
"flood water entered village houses in Gram Kachhona, need rescue",Rural Development (Panchayati Raj),High
"bijli ka bill bahut jyada aaya hai Gomti Nagar, Lucknow mein",Electricity (UPPCL),Medium
ganda paani nalo se aa raha hai Gonda City area me,Sanitation & Water (Jal Nigam/Nagar Nigam),High
ganda paani nalo se aa raha hai Gram Panchayat Bojhi area me,Sanitation & Water (Jal Nigam/Nagar Nigam),High
general query about filing fir online for Hardoi City resident,Police (Home Dept),Low
meter name change application pending in Barabanki Town,Electricity (UPPCL),Low
unhygienic toilets in the Village Basrehar government hospital,Health (Medical),Medium
general query about filing fir online for Village Chhata resident,Police (Home Dept),Low
internet nahi chal raha Village Rampur panchayat bhavan me,Rural Development (Panchayati Raj),Low
frequent power cuts in Village Chhata is affecting exam preparation,Electricity (UPPCL),Medium
poore gaon mein light nahi hai Mau Tehsil mein pichle 2 din se,Electricity (UPPCL),High
passport verification pending at Post Kakori thana for 2 weeks,Police (Home Dept),Low
"x-ray machine kharab hai Hazratganj, Lucknow mein",Health (Medical),Medium
fake medicine racket operating in Ghaziabad medical stores,Health (Medical),High
mnrega ka paisa nahi mila Tehsil Bikapur mein,Rural Development (Panchayati Raj),High
x-ray machine kharab hai Prayagraj City mein,Health (Medical),Medium
"ladayi ho rahi hai Hazratganj, Lucknow chourahe par",Police (Home Dept),High
park needs cleaning in Agra Fort area residential area,Sanitation & Water (Jal Nigam/Nagar Nigam),Low
"fake medicine racket operating in Hazratganj, Lucknow medical stores",Health (Medical),High
doctor late aate hain Post Kakori hospital mein,Health (Medical),Medium
general query about filing fir online for Ghaziabad resident,Police (Home Dept),Low
doctor late aate hain Unnao City hospital mein,Health (Medical),Medium
solar panel subsidy ki jankari chahiye Noida Sector 18 ke liye,Electricity (UPPCL),Low
solar panel subsidy ki jankari chahiye Remote area of Sonbhadra ke liye,Electricity (UPPCL),Low
"Gonda City me transformer jal gaya hai, turant change karein",Electricity (UPPCL),High
solar panel subsidy ki jankari chahiye Gram Kachhona ke liye,Electricity (UPPCL),Low
garbage truck not coming to Sitapur One for last 3 days,Sanitation & Water (Jal Nigam/Nagar Nigam),Medium
low voltage problem in Gram Kachhona during evening hours,Electricity (UPPCL),Medium
traffic police asking for bribe at Sitapur One crossing,Police (Home Dept),Medium
mobile phone snatched while walking in Gonda City,Police (Home Dept),Medium
water pipeline leakage wasting water in Village Basrehar,Sanitation & Water (Jal Nigam/Nagar Nigam),Medium
"Village Rampur me transformer jal gaya hai, turant change karein",Electricity (UPPCL),High
"character certificate chahiye Sigra, Varanasi police station se",Police (Home Dept),Low
bijli ka bill bahut jyada aaya hai Village Rampur mein,Electricity (UPPCL),Medium
meter name change application pending in Agra Fort area,Electricity (UPPCL),Low
"chori ho gayi hai Hardoi City mein, police bhejo",Police (Home Dept),High
library books request for Gram Kachhona village school,Rural Development (Panchayati Raj),Low
"Etawah Main me transformer jal gaya hai, turant change karein",Electricity (UPPCL),High
oxygen cylinder available nahi hai Post Kakori hospital me,Health (Medical),High
bridge railing toot gayi hai Village Basrehar mein,Roads (PWD/NHAI),High
footpath tiles broken in some places at Basti,Roads (PWD/NHAI),Low
pradhan embezzled all money for road construction in Remote area of Sonbhadra,Rural Development (Panchayati Raj),High
sadak par bada gadda hai Village Basrehar market ke paas,Roads (PWD/NHAI),High
"sadak toot gayi hai Civil Lines, Kanpur mein",Roads (PWD/NHAI),Medium
" मच्छर बहुत हो गए हैं Unnao City में, फॉगिंग करवाओ",Sanitation & Water (Jal Nigam/Nagar Nigam),Low
talaab par kabza ho raha hai Mau Tehsil gaon mein,Rural Development (Panchayati Raj),Medium
"chori ho gayi hai Basti mein, police bhejo",Police (Home Dept),High
meter name change application pending in Mau Tehsil,Electricity (UPPCL),Low
request to start sewing center for women in Block Malihabad,Rural Development (Panchayati Raj),Low
internet nahi chal raha Gram Panchayat Bojhi panchayat bhavan me,Rural Development (Panchayati Raj),Low
meter name change application pending in Faizabad Chowk,Electricity (UPPCL),Low
"primary school roof is leaking in Village Rampur, dangerous for kids",Rural Development (Panchayati Raj),Medium
sadak par bada gadda hai Agra Fort area market ke paas,Roads (PWD/NHAI),High
footpath tiles broken in some places at Meerut City,Roads (PWD/NHAI),Low
"live wire fell on the street in Sitapur One, huge danger to kids",Electricity (UPPCL),High
passport verification pending at Gram Kachhona thana for 2 weeks,Police (Home Dept),Low
oxygen cylinder available nahi hai Unnao City hospital me,Health (Medical),High
road construction incomplete in Mau Tehsil,Roads (PWD/NHAI),Medium
zebra crossing repaint kara do Tehsil Bikapur chowk par,Roads (PWD/NHAI),Low
" मच्छर बहुत हो गए हैं Basti में, फॉगिंग करवाओ",Sanitation & Water (Jal Nigam/Nagar Nigam),Low
general query about filing fir online for Gram Kachhona resident,Police (Home Dept),Low
pradhan ne paisa kha liya Tehsil Bikapur road ka,Rural Development (Panchayati Raj),High
x-ray machine kharab hai Barabanki Town mein,Health (Medical),Medium
passport verification pending at Raebareli Market thana for 2 weeks,Police (Home Dept),Low
"bijli ka bill bahut jyada aaya hai Civil Lines, Kanpur mein",Electricity (UPPCL),Medium
low voltage problem in Faizabad Chowk during evening hours,Electricity (UPPCL),Medium
"Bareilly Cantt me transformer jal gaya hai, turant change karein",Electricity (UPPCL),High
"general query about filing fir online for Sigra, Varanasi resident",Police (Home Dept),Low
oxygen cylinder available nahi hai Etawah Main hospital me,Health (Medical),High
armed robbery in shop at Village Rampur market last night,Police (Home Dept),High
huge crater in middle of road at Orai causing accidents daily,Roads (PWD/NHAI),High
traffic police asking for bribe at Village Rampur crossing,Police (Home Dept),Medium
phone chori ho gaya Gonda City market me,Police (Home Dept),Medium
phone chori ho gaya Post Kakori market me,Police (Home Dept),Medium
"live wire fell on the street in Mau Tehsil, huge danger to kids",Electricity (UPPCL),High
request to start sewing center for women in Village Basrehar,Rural Development (Panchayati Raj),Low
"live wire fell on the street in Orai, huge danger to kids",Electricity (UPPCL),High
stray cattle destroying crops in Block Malihabad farms,Rural Development (Panchayati Raj),Medium
"handpump kharab hai Hazratganj, Lucknow mein",Sanitation & Water (Jal Nigam/Nagar Nigam),Medium
water pipeline leakage wasting water in Village Basrehar,Sanitation & Water (Jal Nigam/Nagar Nigam),Medium
solar panel subsidy ki jankari chahiye Raebareli Market ke liye,Electricity (UPPCL),Low
doctor refused to treat critical patient in Village Chhata phc,Health (Medical),High
frequent power cuts in Noida Sector 18 is affecting exam preparation,Electricity (UPPCL),Medium
garbage truck not coming to Tehsil Bikapur for last 3 days,Sanitation & Water (Jal Nigam/Nagar Nigam),Medium
"clean water nahi aa raha hai Sigra, Varanasi mein, paani bohot ganda hai",Sanitation & Water (Jal Nigam/Nagar Nigam),High
traffic police asking for bribe at Tehsil Bikapur crossing,Police (Home Dept),Medium
need a sign board direction for Raebareli Market village,Roads (PWD/NHAI),Low
"park needs cleaning in Sigra, Varanasi residential area",Sanitation & Water (Jal Nigam/Nagar Nigam),Low
traffic police asking for bribe at Gram Panchayat Bojhi crossing,Police (Home Dept),Medium
"ambulance nahi aa rahi Hardoi City mein, patient serious hai",Health (Medical),High
pradhan embezzled all money for road construction in Village Rampur,Rural Development (Panchayati Raj),High
footpath tiles broken in some places at Barabanki Town,Roads (PWD/NHAI),Low
solar panel subsidy ki jankari chahiye Faizabad Chowk ke liye,Electricity (UPPCL),Low
"need a sign board direction for Hazratganj, Lucknow village",Roads (PWD/NHAI),Low
"ambulance nahi aa rahi Prayagraj City mein, patient serious hai",Health (Medical),High
child kidnapped from Faizabad Chowk school area,Police (Home Dept),High
"clean water nahi aa raha hai Hardoi City mein, paani bohot ganda hai",Sanitation & Water (Jal Nigam/Nagar Nigam),High
footpath tiles broken in some places at Basti,Roads (PWD/NHAI),Low
sadak toot gayi hai Bareilly Cantt mein,Roads (PWD/NHAI),Medium
armed robbery in shop at Block Malihabad market last night,Police (Home Dept),High
unhygienic toilets in the Bareilly Cantt government hospital,Health (Medical),Medium
solar panel subsidy ki jankari chahiye Barabanki Town ke liye,Electricity (UPPCL),Low
"open manhole on main road in Gonda City, heavy accident risk",Sanitation & Water (Jal Nigam/Nagar Nigam),High
zebra crossing repaint kara do Hardoi City chowk par,Roads (PWD/NHAI),Low
request to start sewing center for women in Block Malihabad,Rural Development (Panchayati Raj),Low
kachra uthane vali gaadi nahi aayi Faizabad Chowk mein,Sanitation & Water (Jal Nigam/Nagar Nigam),Medium
bijli ka bill bahut jyada aaya hai Gonda City mein,Electricity (UPPCL),Medium
sadak par bada gadda hai Gonda City market ke paas,Roads (PWD/NHAI),High
"Basti me transformer jal gaya hai, turant change karein",Electricity (UPPCL),High
"primary school roof is leaking in Post Kakori, dangerous for kids",Rural Development (Panchayati Raj),Medium
library books request for Village Rampur village school,Rural Development (Panchayati Raj),Low
library books request for Gram Panchayat Bojhi village school,Rural Development (Panchayati Raj),Low
dogs roaming inside the ward at Orai chc,Health (Medical),Medium
meter reading galat hai Unnao City wale ghar ki,Electricity (UPPCL),Medium
frequent power cuts in Unnao City is affecting exam preparation,Electricity (UPPCL),Medium
child kidnapped from Meerut City school area,Police (Home Dept),High
vaccine kab lagega Mau Tehsil center par?,Health (Medical),Low
"flood water entered village houses in Gram Panchayat Bojhi, need rescue",Rural Development (Panchayati Raj),High
ganda paani nalo se aa raha hai Village Chhata area me,Sanitation & Water (Jal Nigam/Nagar Nigam),High
ladayi ho rahi hai Barabanki Town chourahe par,Police (Home Dept),High
oxygen cylinder available nahi hai Basti hospital me,Health (Medical),High
"road caved in due to heavy rain in Post Kakori, traffic blocked",Roads (PWD/NHAI),High
library books request for Village Basrehar village school,Rural Development (Panchayati Raj),Low
park needs cleaning in Post Kakori residential area,Sanitation & Water (Jal Nigam/Nagar Nigam),Low
"live wire fell on the street in Tehsil Bikapur, huge danger to kids",Electricity (UPPCL),High
frequent power cuts in Agra Fort area is affecting exam preparation,Electricity (UPPCL),Medium
village pond is being encroached by builder in Block Malihabad,Rural Development (Panchayati Raj),Medium
handpump kharab hai Ghaziabad mein,Sanitation & Water (Jal Nigam/Nagar Nigam),Medium
"live wire fell on the street in Basti, huge danger to kids",Electricity (UPPCL),High
pradhan embezzled all money for road construction in Village Rampur,Rural Development (Panchayati Raj),High
frequent power cuts in Raebareli Market is affecting exam preparation,Electricity (UPPCL),Medium
traffic police asking for bribe at Ghaziabad crossing,Police (Home Dept),Medium
library books request for Gram Kachhona village school,Rural Development (Panchayati Raj),Low
"passport verification pending at Gomti Nagar, Lucknow thana for 2 weeks",Police (Home Dept),Low
water pipeline leakage wasting water in Meerut City,Sanitation & Water (Jal Nigam/Nagar Nigam),Medium
traffic police asking for bribe at Hardoi City crossing,Police (Home Dept),Medium
bridge railing toot gayi hai Barabanki Town mein,Roads (PWD/NHAI),High
"chori ho gayi hai Block Malihabad mein, police bhejo",Police (Home Dept),High
bridge railing toot gayi hai Bareilly Cantt mein,Roads (PWD/NHAI),High
park needs cleaning in Village Basrehar residential area,Sanitation & Water (Jal Nigam/Nagar Nigam),Low
ladayi ho rahi hai Village Chhata chourahe par,Police (Home Dept),High
need a sign board direction for Ghaziabad village,Roads (PWD/NHAI),Low
"live wire fell on the street in Remote area of Sonbhadra, huge danger to kids",Electricity (UPPCL),High
"meter reading galat hai Hazratganj, Lucknow wale ghar ki",Electricity (UPPCL),Medium
poore gaon mein light nahi hai Block Malihabad mein pichle 2 din se,Electricity (UPPCL),High
potholes needs repair in Remote area of Sonbhadra before monsoon,Roads (PWD/NHAI),Medium
meter name change application pending in Gonda City,Electricity (UPPCL),Low
oxygen cylinder available nahi hai Orai hospital me,Health (Medical),High
zebra crossing repaint kara do Mau Tehsil chowk par,Roads (PWD/NHAI),Low
"dogs roaming inside the ward at Civil Lines, Kanpur chc",Health (Medical),Medium
" मच्छर बहुत हो गए हैं Remote area of Sonbhadra में, फॉगिंग करवाओ",Sanitation & Water (Jal Nigam/Nagar Nigam),Low
water pipeline leakage wasting water in Agra Fort area,Sanitation & Water (Jal Nigam/Nagar Nigam),Medium
stray cattle destroying crops in Gram Panchayat Bojhi farms,Rural Development (Panchayati Raj),Medium
park needs cleaning in Tehsil Bikapur residential area,Sanitation & Water (Jal Nigam/Nagar Nigam),Low
solar panel subsidy ki jankari chahiye Village Rampur ke liye,Electricity (UPPCL),Low
ladayi ho rahi hai Raebareli Market chourahe par,Police (Home Dept),High
meter reading galat hai Hardoi City wale ghar ki,Electricity (UPPCL),Medium
low voltage problem in Meerut City during evening hours,Electricity (UPPCL),Medium
street light pole looking tilted in Remote area of Sonbhadra,Electricity (UPPCL),Low
public toilet tap is dripping in Ghaziabad,Sanitation & Water (Jal Nigam/Nagar Nigam),Low
loudspeaker shor kar raha hai Village Rampur mein raat ko,Police (Home Dept),Medium
"ganda paani nalo se aa raha hai Civil Lines, Kanpur area me",Sanitation & Water (Jal Nigam/Nagar Nigam),High
"sewage water mixing with drinking water in Barabanki Town, kids falling sick",Sanitation & Water (Jal Nigam/Nagar Nigam),High
"live wire fell on the street in Sigra, Varanasi, huge danger to kids",Electricity (UPPCL),High
pradhan ne paisa kha liya Village Rampur road ka,Rural Development (Panchayati Raj),High
stray cattle destroying crops in Village Rampur farms,Rural Development (Panchayati Raj),Medium
" मच्छर बहुत हो गए हैं Hardoi City में, फॉगिंग करवाओ",Sanitation & Water (Jal Nigam/Nagar Nigam),Low
kachra uthane vali gaadi nahi aayi Etawah Main mein,Sanitation & Water (Jal Nigam/Nagar Nigam),Medium
passport verification pending at Faizabad Chowk thana for 2 weeks,Police (Home Dept),Low
unhygienic toilets in the Village Basrehar government hospital,Health (Medical),Medium
oxygen cylinder available nahi hai Block Malihabad hospital me,Health (Medical),High
x-ray machine kharab hai Etawah Main mein,Health (Medical),Medium
sadak par bada gadda hai Gonda City market ke paas,Roads (PWD/NHAI),High
internet nahi chal raha Mau Tehsil panchayat bhavan me,Rural Development (Panchayati Raj),Low
fake medicine racket operating in Unnao City medical stores,Health (Medical),High
dogs roaming inside the ward at Hardoi City chc,Health (Medical),Medium
poore gaon mein light nahi hai Ghaziabad mein pichle 2 din se,Electricity (UPPCL),High
transformer caught fire in Barabanki Town and oil is leaking,Electricity (UPPCL),High
"Village Rampur me transformer jal gaya hai, turant change karein",Electricity (UPPCL),High
village pond is being encroached by builder in Block Malihabad,Rural Development (Panchayati Raj),Medium
solar panel subsidy ki jankari chahiye Raebareli Market ke liye,Electricity (UPPCL),Low
low voltage problem in Sitapur One during evening hours,Electricity (UPPCL),Medium
"child kidnapped from Hazratganj, Lucknow school area",Police (Home Dept),High
"encroachment by shopkeepers on road in Civil Lines, Kanpur",Roads (PWD/NHAI),Medium
general query about filing fir online for Prayagraj City resident,Police (Home Dept),Low
handpump kharab hai Gram Kachhona mein,Sanitation & Water (Jal Nigam/Nagar Nigam),Medium
character certificate chahiye Barabanki Town police station se,Police (Home Dept),Low
loudspeaker shor kar raha hai Village Rampur mein raat ko,Police (Home Dept),Medium
meter name change application pending in Agra Fort area,Electricity (UPPCL),Low
"zebra crossing repaint kara do Civil Lines, Kanpur chowk par",Roads (PWD/NHAI),Low
traffic police asking for bribe at Village Rampur crossing,Police (Home Dept),Medium
frequent power cuts in Noida Sector 18 is affecting exam preparation,Electricity (UPPCL),Medium
" मच्छर बहुत हो गए हैं Sitapur One में, फॉगिंग करवाओ",Sanitation & Water (Jal Nigam/Nagar Nigam),Low
"zebra crossing repaint kara do Civil Lines, Kanpur chowk par",Roads (PWD/NHAI),Low
talaab par kabza ho raha hai Village Basrehar gaon mein,Rural Development (Panchayati Raj),Medium
huge crater in middle of road at Agra Fort area causing accidents daily,Roads (PWD/NHAI),High
general query about filing fir online for Tehsil Bikapur resident,Police (Home Dept),Low
mnrega ka paisa nahi mila Gram Kachhona mein,Rural Development (Panchayati Raj),High
"sewage water mixing with drinking water in Tehsil Bikapur, kids falling sick",Sanitation & Water (Jal Nigam/Nagar Nigam),High
village pond is being encroached by builder in Village Basrehar,Rural Development (Panchayati Raj),Medium
park needs cleaning in Gonda City residential area,Sanitation & Water (Jal Nigam/Nagar Nigam),Low
poore gaon mein light nahi hai Village Chhata mein pichle 2 din se,Electricity (UPPCL),High
"clean water nahi aa raha hai Sigra, Varanasi mein, paani bohot ganda hai",Sanitation & Water (Jal Nigam/Nagar Nigam),High
sadak toot gayi hai Village Chhata mein,Roads (PWD/NHAI),Medium
unhygienic toilets in the Basti government hospital,Health (Medical),Medium
unhygienic toilets in the Remote area of Sonbhadra government hospital,Health (Medical),Medium
oxygen cylinder available nahi hai Agra Fort area hospital me,Health (Medical),High
village pond is being encroached by builder in Gram Kachhona,Rural Development (Panchayati Raj),Medium
park needs cleaning in Unnao City residential area,Sanitation & Water (Jal Nigam/Nagar Nigam),Low
village pond is being encroached by builder in Village Chhata,Rural Development (Panchayati Raj),Medium
solar panel subsidy ki jankari chahiye Village Chhata ke liye,Electricity (UPPCL),Low
street light pole looking tilted in Village Rampur,Electricity (UPPCL),Low
mnrega ka paisa nahi mila Mau Tehsil mein,Rural Development (Panchayati Raj),High
kachra uthane vali gaadi nahi aayi Etawah Main mein,Sanitation & Water (Jal Nigam/Nagar Nigam),Medium
water pipeline leakage wasting water in Sitapur One,Sanitation & Water (Jal Nigam/Nagar Nigam),Medium
"flood water entered village houses in Mau Tehsil, need rescue",Rural Development (Panchayati Raj),High
birth certificate spelling correction request at Sitapur One,Health (Medical),Low
low voltage problem in Tehsil Bikapur during evening hours,Electricity (UPPCL),Medium
pradhan ne paisa kha liya Mau Tehsil road ka,Rural Development (Panchayati Raj),High
"park needs cleaning in Sigra, Varanasi residential area",Sanitation & Water (Jal Nigam/Nagar Nigam),Low
"birth certificate spelling correction request at Sigra, Varanasi",Health (Medical),Low
road construction incomplete in Raebareli Market,Roads (PWD/NHAI),Medium
public toilet tap is dripping in Gram Kachhona,Sanitation & Water (Jal Nigam/Nagar Nigam),Low
ganda paani nalo se aa raha hai Block Malihabad area me,Sanitation & Water (Jal Nigam/Nagar Nigam),High
public toilet tap is dripping in Bareilly Cantt,Sanitation & Water (Jal Nigam/Nagar Nigam),Low
"footpath tiles broken in some places at Hazratganj, Lucknow",Roads (PWD/NHAI),Low
request to start sewing center for women in Tehsil Bikapur,Rural Development (Panchayati Raj),Low
street light pole looking tilted in Village Rampur,Electricity (UPPCL),Low
pradhan ne paisa kha liya Mau Tehsil road ka,Rural Development (Panchayati Raj),High
footpath tiles broken in some places at Meerut City,Roads (PWD/NHAI),Low
armed robbery in shop at Faizabad Chowk market last night,Police (Home Dept),High
footpath tiles broken in some places at Meerut City,Roads (PWD/NHAI),Low
village pond is being encroached by builder in Village Chhata,Rural Development (Panchayati Raj),Medium
garbage truck not coming to Village Rampur for last 3 days,Sanitation & Water (Jal Nigam/Nagar Nigam),Medium
solar panel subsidy ki jankari chahiye Agra Fort area ke liye,Electricity (UPPCL),Low
loudspeaker shor kar raha hai Gonda City mein raat ko,Police (Home Dept),Medium
internet nahi chal raha Remote area of Sonbhadra panchayat bhavan me,Rural Development (Panchayati Raj),Low
general query about filing fir online for Sitapur One resident,Police (Home Dept),Low
armed robbery in shop at Basti market last night,Police (Home Dept),High
doctor late aate hain Barabanki Town hospital mein,Health (Medical),Medium
mnrega ka paisa nahi mila Gram Panchayat Bojhi mein,Rural Development (Panchayati Raj),High
dogs roaming inside the ward at Ghaziabad chc,Health (Medical),Medium
street light pole looking tilted in Raebareli Market,Electricity (UPPCL),Low
footpath tiles broken in some places at Raebareli Market,Roads (PWD/NHAI),Low
"flood water entered village houses in Remote area of Sonbhadra, need rescue",Rural Development (Panchayati Raj),High
unhygienic toilets in the Etawah Main government hospital,Health (Medical),Medium
x-ray machine kharab hai Block Malihabad mein,Health (Medical),Medium
mnrega ka paisa nahi mila Mau Tehsil mein,Rural Development (Panchayati Raj),High
fake medicine racket operating in Gram Panchayat Bojhi medical stores,Health (Medical),High
street light pole looking tilted in Barabanki Town,Electricity (UPPCL),Low
phone chori ho gaya Basti market me,Police (Home Dept),Medium
phone chori ho gaya Remote area of Sonbhadra market me,Police (Home Dept),Medium
solar panel subsidy ki jankari chahiye Hardoi City ke liye,Electricity (UPPCL),Low
"Mau Tehsil me transformer jal gaya hai, turant change karein",Electricity (UPPCL),High
bridge railing toot gayi hai Barabanki Town mein,Roads (PWD/NHAI),High
"sadak toot gayi hai Sigra, Varanasi mein",Roads (PWD/NHAI),Medium
"primary school roof is leaking in Gram Kachhona, dangerous for kids",Rural Development (Panchayati Raj),Medium
sadak par bada gadda hai Tehsil Bikapur market ke paas,Roads (PWD/NHAI),High
long waiting line for opd registration in Faizabad Chowk,Health (Medical),Low
vaccine kab lagega Meerut City center par?,Health (Medical),Low
character certificate chahiye Post Kakori police station se,Police (Home Dept),Low
pradhan ne paisa kha liya Post Kakori road ka,Rural Development (Panchayati Raj),High
water pipeline leakage wasting water in Prayagraj City,Sanitation & Water (Jal Nigam/Nagar Nigam),Medium
"oxygen cylinder available nahi hai Sigra, Varanasi hospital me",Health (Medical),High
stray cattle destroying crops in Tehsil Bikapur farms,Rural Development (Panchayati Raj),Medium
frequent power cuts in Prayagraj City is affecting exam preparation,Electricity (UPPCL),Medium
"sewage water mixing with drinking water in Gram Panchayat Bojhi, kids falling sick",Sanitation & Water (Jal Nigam/Nagar Nigam),High
x-ray machine kharab hai Meerut City mein,Health (Medical),Medium
"primary school roof is leaking in Mau Tehsil, dangerous for kids",Rural Development (Panchayati Raj),Medium
pradhan embezzled all money for road construction in Village Basrehar,Rural Development (Panchayati Raj),High
"ambulance nahi aa rahi Basti mein, patient serious hai",Health (Medical),High
ganda paani nalo se aa raha hai Raebareli Market area me,Sanitation & Water (Jal Nigam/Nagar Nigam),High
potholes needs repair in Basti before monsoon,Roads (PWD/NHAI),Medium
garbage truck not coming to Mau Tehsil for last 3 days,Sanitation & Water (Jal Nigam/Nagar Nigam),Medium
huge crater in middle of road at Hardoi City causing accidents daily,Roads (PWD/NHAI),High
request to start sewing center for women in Post Kakori,Rural Development (Panchayati Raj),Low
"low voltage problem in Sigra, Varanasi during evening hours",Electricity (UPPCL),Medium
village pond is being encroached by builder in Block Malihabad,Rural Development (Panchayati Raj),Medium
"ganda paani nalo se aa raha hai Gomti Nagar, Lucknow area me",Sanitation & Water (Jal Nigam/Nagar Nigam),High
traffic police asking for bribe at Post Kakori crossing,Police (Home Dept),Medium
child kidnapped from Prayagraj City school area,Police (Home Dept),High
"park needs cleaning in Gomti Nagar, Lucknow residential area",Sanitation & Water (Jal Nigam/Nagar Nigam),Low
birth certificate spelling correction request at Prayagraj City,Health (Medical),Low
village pond is being encroached by builder in Post Kakori,Rural Development (Panchayati Raj),Medium
"dogs roaming inside the ward at Gomti Nagar, Lucknow chc",Health (Medical),Medium
x-ray machine kharab hai Block Malihabad mein,Health (Medical),Medium
child kidnapped from Hardoi City school area,Police (Home Dept),High
meter name change application pending in Village Rampur,Electricity (UPPCL),Low
"poore gaon mein light nahi hai Sigra, Varanasi mein pichle 2 din se",Electricity (UPPCL),High
transformer caught fire in Gonda City and oil is leaking,Electricity (UPPCL),High
mnrega ka paisa nahi mila Village Chhata mein,Rural Development (Panchayati Raj),High
frequent power cuts in Hardoi City is affecting exam preparation,Electricity (UPPCL),Medium
doctor refused to treat critical patient in Village Chhata phc,Health (Medical),High
road construction incomplete in Gonda City,Roads (PWD/NHAI),Medium
"need a sign board direction for Civil Lines, Kanpur village",Roads (PWD/NHAI),Low
passport verification pending at Post Kakori thana for 2 weeks,Police (Home Dept),Low
internet nahi chal raha Village Basrehar panchayat bhavan me,Rural Development (Panchayati Raj),Low
"chori ho gayi hai Village Basrehar mein, police bhejo",Police (Home Dept),High
"open manhole on main road in Unnao City, heavy accident risk",Sanitation & Water (Jal Nigam/Nagar Nigam),High
talaab par kabza ho raha hai Tehsil Bikapur gaon mein,Rural Development (Panchayati Raj),Medium
talaab par kabza ho raha hai Mau Tehsil gaon mein,Rural Development (Panchayati Raj),Medium
kachra uthane vali gaadi nahi aayi Agra Fort area mein,Sanitation & Water (Jal Nigam/Nagar Nigam),Medium
bridge railing toot gayi hai Village Chhata mein,Roads (PWD/NHAI),High
internet nahi chal raha Post Kakori panchayat bhavan me,Rural Development (Panchayati Raj),Low
loudspeaker shor kar raha hai Prayagraj City mein raat ko,Police (Home Dept),Medium
"loudspeaker shor kar raha hai Hazratganj, Lucknow mein raat ko",Police (Home Dept),Medium
talaab par kabza ho raha hai Village Basrehar gaon mein,Rural Development (Panchayati Raj),Medium
character certificate chahiye Village Basrehar police station se,Police (Home Dept),Low
"primary school roof is leaking in Mau Tehsil, dangerous for kids",Rural Development (Panchayati Raj),Medium
frequent power cuts in Village Rampur is affecting exam preparation,Electricity (UPPCL),Medium
ganda paani nalo se aa raha hai Unnao City area me,Sanitation & Water (Jal Nigam/Nagar Nigam),High
meter name change application pending in Village Basrehar,Electricity (UPPCL),Low
"road caved in due to heavy rain in Block Malihabad, traffic blocked",Roads (PWD/NHAI),High
meter name change application pending in Raebareli Market,Electricity (UPPCL),Low
vaccine kab lagega Hardoi City center par?,Health (Medical),Low
armed robbery in shop at Gram Panchayat Bojhi market last night,Police (Home Dept),High
character certificate chahiye Sitapur One police station se,Police (Home Dept),Low
"clean water nahi aa raha hai Unnao City mein, paani bohot ganda hai",Sanitation & Water (Jal Nigam/Nagar Nigam),High
pradhan ne paisa kha liya Village Basrehar road ka,Rural Development (Panchayati Raj),High
pradhan embezzled all money for road construction in Post Kakori,Rural Development (Panchayati Raj),High
birth certificate spelling correction request at Barabanki Town,Health (Medical),Low
huge crater in middle of road at Faizabad Chowk causing accidents daily,Roads (PWD/NHAI),High
traffic police asking for bribe at Gonda City crossing,Police (Home Dept),Medium
doctor late aate hain Unnao City hospital mein,Health (Medical),Medium
fake medicine racket operating in Agra Fort area medical stores,Health (Medical),High
sadak toot gayi hai Etawah Main mein,Roads (PWD/NHAI),Medium
garbage truck not coming to Gram Panchayat Bojhi for last 3 days,Sanitation & Water (Jal Nigam/Nagar Nigam),Medium
passport verification pending at Remote area of Sonbhadra thana for 2 weeks,Police (Home Dept),Low
stray cattle destroying crops in Tehsil Bikapur farms,Rural Development (Panchayati Raj),Medium
"live wire fell on the street in Raebareli Market, huge danger to kids",Electricity (UPPCL),High
"doctor late aate hain Sigra, Varanasi hospital mein",Health (Medical),Medium
need a sign board direction for Raebareli Market village,Roads (PWD/NHAI),Low
"chori ho gayi hai Gonda City mein, police bhejo",Police (Home Dept),High
"flood water entered village houses in Block Malihabad, need rescue",Rural Development (Panchayati Raj),High
street light pole looking tilted in Orai,Electricity (UPPCL),Low
garbage truck not coming to Remote area of Sonbhadra for last 3 days,Sanitation & Water (Jal Nigam/Nagar Nigam),Medium
" मच्छर बहुत हो गए हैं Noida Sector 18 में, फॉगिंग करवाओ",Sanitation & Water (Jal Nigam/Nagar Nigam),Low
"live wire fell on the street in Agra Fort area, huge danger to kids",Electricity (UPPCL),High
request to start sewing center for women in Block Malihabad,Rural Development (Panchayati Raj),Low
x-ray machine kharab hai Faizabad Chowk mein,Health (Medical),Medium
"flood water entered village houses in Village Basrehar, need rescue",Rural Development (Panchayati Raj),High
general query about filing fir online for Tehsil Bikapur resident,Police (Home Dept),Low
loudspeaker shor kar raha hai Orai mein raat ko,Police (Home Dept),Medium
"flood water entered village houses in Village Rampur, need rescue",Rural Development (Panchayati Raj),High
request to start sewing center for women in Remote area of Sonbhadra,Rural Development (Panchayati Raj),Low
"live wire fell on the street in Gomti Nagar, Lucknow, huge danger to kids",Electricity (UPPCL),High
x-ray machine kharab hai Faizabad Chowk mein,Health (Medical),Medium
sadak toot gayi hai Noida Sector 18 mein,Roads (PWD/NHAI),Medium
general query about filing fir online for Gonda City resident,Police (Home Dept),Low
stray cattle destroying crops in Block Malihabad farms,Rural Development (Panchayati Raj),Medium
bridge railing toot gayi hai Agra Fort area mein,Roads (PWD/NHAI),High
"clean water nahi aa raha hai Meerut City mein, paani bohot ganda hai",Sanitation & Water (Jal Nigam/Nagar Nigam),High
"footpath tiles broken in some places at Gomti Nagar, Lucknow",Roads (PWD/NHAI),Low
street light pole looking tilted in Ghaziabad,Electricity (UPPCL),Low
phone chori ho gaya Bareilly Cantt market me,Police (Home Dept),Medium
handpump kharab hai Post Kakori mein,Sanitation & Water (Jal Nigam/Nagar Nigam),Medium
unhygienic toilets in the Agra Fort area government hospital,Health (Medical),Medium
fake medicine racket operating in Remote area of Sonbhadra medical stores,Health (Medical),High
sadak par bada gadda hai Raebareli Market market ke paas,Roads (PWD/NHAI),High
pradhan ne paisa kha liya Village Rampur road ka,Rural Development (Panchayati Raj),High
general query about filing fir online for Raebareli Market resident,Police (Home Dept),Low
child kidnapped from Noida Sector 18 school area,Police (Home Dept),High
character certificate chahiye Sitapur One police station se,Police (Home Dept),Low
doctor refused to treat critical patient in Sitapur One phc,Health (Medical),High
potholes needs repair in Hardoi City before monsoon,Roads (PWD/NHAI),Medium
long waiting line for opd registration in Village Basrehar,Health (Medical),Low
meter name change application pending in Basti,Electricity (UPPCL),Low
water pipeline leakage wasting water in Village Chhata,Sanitation & Water (Jal Nigam/Nagar Nigam),Medium
zebra crossing repaint kara do Unnao City chowk par,Roads (PWD/NHAI),Low
meter name change application pending in Raebareli Market,Electricity (UPPCL),Low
dogs roaming inside the ward at Tehsil Bikapur chc,Health (Medical),Medium
garbage truck not coming to Agra Fort area for last 3 days,Sanitation & Water (Jal Nigam/Nagar Nigam),Medium
internet nahi chal raha Block Malihabad panchayat bhavan me,Rural Development (Panchayati Raj),Low
park needs cleaning in Ghaziabad residential area,Sanitation & Water (Jal Nigam/Nagar Nigam),Low
x-ray machine kharab hai Noida Sector 18 mein,Health (Medical),Medium
"character certificate chahiye Gomti Nagar, Lucknow police station se",Police (Home Dept),Low
water pipeline leakage wasting water in Gram Kachhona,Sanitation & Water (Jal Nigam/Nagar Nigam),Medium
"ambulance nahi aa rahi Village Rampur mein, patient serious hai",Health (Medical),High
village pond is being encroached by builder in Gram Kachhona,Rural Development (Panchayati Raj),Medium
"chori ho gayi hai Agra Fort area mein, police bhejo",Police (Home Dept),High
huge crater in middle of road at Sitapur One causing accidents daily,Roads (PWD/NHAI),High
" मच्छर बहुत हो गए हैं Gonda City में, फॉगिंग करवाओ",Sanitation & Water (Jal Nigam/Nagar Nigam),Low
talaab par kabza ho raha hai Village Chhata gaon mein,Rural Development (Panchayati Raj),Medium
doctor refused to treat critical patient in Gram Kachhona phc,Health (Medical),High
"chori ho gayi hai Gonda City mein, police bhejo",Police (Home Dept),High
bridge railing toot gayi hai Village Rampur mein,Roads (PWD/NHAI),High
"unhygienic toilets in the Sigra, Varanasi government hospital",Health (Medical),Medium
character certificate chahiye Tehsil Bikapur police station se,Police (Home Dept),Low
"encroachment by shopkeepers on road in Civil Lines, Kanpur",Roads (PWD/NHAI),Medium
phone chori ho gaya Remote area of Sonbhadra market me,Police (Home Dept),Medium
library books request for Village Rampur village school,Rural Development (Panchayati Raj),Low
character certificate chahiye Unnao City police station se,Police (Home Dept),Low
"live wire fell on the street in Gomti Nagar, Lucknow, huge danger to kids",Electricity (UPPCL),High
sadak par bada gadda hai Unnao City market ke paas,Roads (PWD/NHAI),High
child kidnapped from Unnao City school area,Police (Home Dept),High
"primary school roof is leaking in Village Rampur, dangerous for kids",Rural Development (Panchayati Raj),Medium
"road caved in due to heavy rain in Barabanki Town, traffic blocked",Roads (PWD/NHAI),High
internet nahi chal raha Tehsil Bikapur panchayat bhavan me,Rural Development (Panchayati Raj),Low
"ambulance nahi aa rahi Sigra, Varanasi mein, patient serious hai",Health (Medical),High
zebra crossing repaint kara do Post Kakori chowk par,Roads (PWD/NHAI),Low
mnrega ka paisa nahi mila Remote area of Sonbhadra mein,Rural Development (Panchayati Raj),High
"park needs cleaning in Sigra, Varanasi residential area",Sanitation & Water (Jal Nigam/Nagar Nigam),Low
loudspeaker shor kar raha hai Gram Panchayat Bojhi mein raat ko,Police (Home Dept),Medium
"meter name change application pending in Gomti Nagar, Lucknow",Electricity (UPPCL),Low
library books request for Block Malihabad village school,Rural Development (Panchayati Raj),Low
"Etawah Main me transformer jal gaya hai, turant change karein",Electricity (UPPCL),High
vaccine kab lagega Etawah Main center par?,Health (Medical),Low
water pipeline leakage wasting water in Tehsil Bikapur,Sanitation & Water (Jal Nigam/Nagar Nigam),Medium
garbage truck not coming to Basti for last 3 days,Sanitation & Water (Jal Nigam/Nagar Nigam),Medium
"primary school roof is leaking in Village Rampur, dangerous for kids",Rural Development (Panchayati Raj),Medium
public toilet tap is dripping in Barabanki Town,Sanitation & Water (Jal Nigam/Nagar Nigam),Low
"open manhole on main road in Village Chhata, heavy accident risk",Sanitation & Water (Jal Nigam/Nagar Nigam),High
general query about filing fir online for Noida Sector 18 resident,Police (Home Dept),Low
passport verification pending at Barabanki Town thana for 2 weeks,Police (Home Dept),Low
"flood water entered village houses in Village Chhata, need rescue",Rural Development (Panchayati Raj),High
ganda paani nalo se aa raha hai Basti area me,Sanitation & Water (Jal Nigam/Nagar Nigam),High
"sewage water mixing with drinking water in Bareilly Cantt, kids falling sick",Sanitation & Water (Jal Nigam/Nagar Nigam),High
doctor refused to treat critical patient in Etawah Main phc,Health (Medical),High
" मच्छर बहुत हो गए हैं Noida Sector 18 में, फॉगिंग करवाओ",Sanitation & Water (Jal Nigam/Nagar Nigam),Low
child kidnapped from Gram Panchayat Bojhi school area,Police (Home Dept),High
potholes needs repair in Orai before monsoon,Roads (PWD/NHAI),Medium
"open manhole on main road in Hardoi City, heavy accident risk",Sanitation & Water (Jal Nigam/Nagar Nigam),High
vaccine kab lagega Etawah Main center par?,Health (Medical),Low
armed robbery in shop at Mau Tehsil market last night,Police (Home Dept),High
village pond is being encroached by builder in Village Chhata,Rural Development (Panchayati Raj),Medium
handpump kharab hai Hardoi City mein,Sanitation & Water (Jal Nigam/Nagar Nigam),Medium
passport verification pending at Orai thana for 2 weeks,Police (Home Dept),Low
"live wire fell on the street in Village Chhata, huge danger to kids",Electricity (UPPCL),High
poore gaon mein light nahi hai Village Rampur mein pichle 2 din se,Electricity (UPPCL),High
ganda paani nalo se aa raha hai Meerut City area me,Sanitation & Water (Jal Nigam/Nagar Nigam),High
frequent power cuts in Mau Tehsil is affecting exam preparation,Electricity (UPPCL),Medium
public toilet tap is dripping in Orai,Sanitation & Water (Jal Nigam/Nagar Nigam),Low
vaccine kab lagega Faizabad Chowk center par?,Health (Medical),Low
armed robbery in shop at Village Basrehar market last night,Police (Home Dept),High
huge crater in middle of road at Tehsil Bikapur causing accidents daily,Roads (PWD/NHAI),High
"ambulance nahi aa rahi Unnao City mein, patient serious hai",Health (Medical),High
park needs cleaning in Noida Sector 18 residential area,Sanitation & Water (Jal Nigam/Nagar Nigam),Low
meter name change application pending in Raebareli Market,Electricity (UPPCL),Low
doctor late aate hain Noida Sector 18 hospital mein,Health (Medical),Medium
vaccine kab lagega Village Basrehar center par?,Health (Medical),Low
talaab par kabza ho raha hai Village Chhata gaon mein,Rural Development (Panchayati Raj),Medium
phone chori ho gaya Gonda City market me,Police (Home Dept),Medium
passport verification pending at Basti thana for 2 weeks,Police (Home Dept),Low
road construction incomplete in Gram Panchayat Bojhi,Roads (PWD/NHAI),Medium
passport verification pending at Ghaziabad thana for 2 weeks,Police (Home Dept),Low
handpump kharab hai Hardoi City mein,Sanitation & Water (Jal Nigam/Nagar Nigam),Medium
solar panel subsidy ki jankari chahiye Village Chhata ke liye,Electricity (UPPCL),Low
garbage truck not coming to Hardoi City for last 3 days,Sanitation & Water (Jal Nigam/Nagar Nigam),Medium
doctor late aate hain Village Chhata hospital mein,Health (Medical),Medium
traffic police asking for bribe at Unnao City crossing,Police (Home Dept),Medium
"ambulance nahi aa rahi Prayagraj City mein, patient serious hai",Health (Medical),High
library books request for Village Rampur village school,Rural Development (Panchayati Raj),Low
fake medicine racket operating in Gonda City medical stores,Health (Medical),High
meter reading galat hai Gonda City wale ghar ki,Electricity (UPPCL),Medium
general query about filing fir online for Post Kakori resident,Police (Home Dept),Low
ladayi ho rahi hai Village Basrehar chourahe par,Police (Home Dept),High
"solar panel subsidy ki jankari chahiye Gomti Nagar, Lucknow ke liye",Electricity (UPPCL),Low
birth certificate spelling correction request at Mau Tehsil,Health (Medical),Low
" मच्छर बहुत हो गए हैं Basti में, फॉगिंग करवाओ",Sanitation & Water (Jal Nigam/Nagar Nigam),Low
road construction incomplete in Block Malihabad,Roads (PWD/NHAI),Medium
zebra crossing repaint kara do Raebareli Market chowk par,Roads (PWD/NHAI),Low
"loudspeaker shor kar raha hai Gomti Nagar, Lucknow mein raat ko",Police (Home Dept),Medium
"ambulance nahi aa rahi Prayagraj City mein, patient serious hai",Health (Medical),High
phone chori ho gaya Noida Sector 18 market me,Police (Home Dept),Medium
ladayi ho rahi hai Village Rampur chourahe par,Police (Home Dept),High
"flood water entered village houses in Gram Panchayat Bojhi, need rescue",Rural Development (Panchayati Raj),High
"road caved in due to heavy rain in Block Malihabad, traffic blocked",Roads (PWD/NHAI),High
ladayi ho rahi hai Bareilly Cantt chourahe par,Police (Home Dept),High
meter name change application pending in Etawah Main,Electricity (UPPCL),Low
unhygienic toilets in the Bareilly Cantt government hospital,Health (Medical),Medium
loudspeaker shor kar raha hai Basti mein raat ko,Police (Home Dept),Medium
birth certificate spelling correction request at Tehsil Bikapur,Health (Medical),Low
x-ray machine kharab hai Post Kakori mein,Health (Medical),Medium
meter reading galat hai Village Basrehar wale ghar ki,Electricity (UPPCL),Medium
need a sign board direction for Village Chhata village,Roads (PWD/NHAI),Low
meter reading galat hai Prayagraj City wale ghar ki,Electricity (UPPCL),Medium
stray cattle destroying crops in Remote area of Sonbhadra farms,Rural Development (Panchayati Raj),Medium
unhygienic toilets in the Mau Tehsil government hospital,Health (Medical),Medium
"ambulance nahi aa rahi Prayagraj City mein, patient serious hai",Health (Medical),High
"general query about filing fir online for Gomti Nagar, Lucknow resident",Police (Home Dept),Low
road construction incomplete in Raebareli Market,Roads (PWD/NHAI),Medium
sadak par bada gadda hai Prayagraj City market ke paas,Roads (PWD/NHAI),High
handpump kharab hai Gram Kachhona mein,Sanitation & Water (Jal Nigam/Nagar Nigam),Medium
meter name change application pending in Gonda City,Electricity (UPPCL),Low
"chori ho gayi hai Sigra, Varanasi mein, police bhejo",Police (Home Dept),High
library books request for Village Basrehar village school,Rural Development (Panchayati Raj),Low
"road construction incomplete in Gomti Nagar, Lucknow",Roads (PWD/NHAI),Medium
bijli ka bill bahut jyada aaya hai Ghaziabad mein,Electricity (UPPCL),Medium
park needs cleaning in Noida Sector 18 residential area,Sanitation & Water (Jal Nigam/Nagar Nigam),Low
ganda paani nalo se aa raha hai Barabanki Town area me,Sanitation & Water (Jal Nigam/Nagar Nigam),High
character certificate chahiye Meerut City police station se,Police (Home Dept),Low
zebra crossing repaint kara do Gonda City chowk par,Roads (PWD/NHAI),Low
" मच्छर बहुत हो गए हैं Raebareli Market में, फॉगिंग करवाओ",Sanitation & Water (Jal Nigam/Nagar Nigam),Low
footpath tiles broken in some places at Unnao City,Roads (PWD/NHAI),Low
sadak toot gayi hai Noida Sector 18 mein,Roads (PWD/NHAI),Medium
"mobile phone snatched while walking in Gomti Nagar, Lucknow",Police (Home Dept),Medium
"road caved in due to heavy rain in Civil Lines, Kanpur, traffic blocked",Roads (PWD/NHAI),High
loudspeaker shor kar raha hai Remote area of Sonbhadra mein raat ko,Police (Home Dept),Medium
general query about filing fir online for Barabanki Town resident,Police (Home Dept),Low
internet nahi chal raha Post Kakori panchayat bhavan me,Rural Development (Panchayati Raj),Low
dogs roaming inside the ward at Prayagraj City chc,Health (Medical),Medium
solar panel subsidy ki jankari chahiye Remote area of Sonbhadra ke liye,Electricity (UPPCL),Low
"mobile phone snatched while walking in Civil Lines, Kanpur",Police (Home Dept),Medium
"clean water nahi aa raha hai Prayagraj City mein, paani bohot ganda hai",Sanitation & Water (Jal Nigam/Nagar Nigam),High
park needs cleaning in Mau Tehsil residential area,Sanitation & Water (Jal Nigam/Nagar Nigam),Low
mobile phone snatched while walking in Orai,Police (Home Dept),Medium
character certificate chahiye Gram Panchayat Bojhi police station se,Police (Home Dept),Low
unhygienic toilets in the Faizabad Chowk government hospital,Health (Medical),Medium
meter reading galat hai Etawah Main wale ghar ki,Electricity (UPPCL),Medium
traffic police asking for bribe at Village Chhata crossing,Police (Home Dept),Medium
meter reading galat hai Noida Sector 18 wale ghar ki,Electricity (UPPCL),Medium
talaab par kabza ho raha hai Gram Kachhona gaon mein,Rural Development (Panchayati Raj),Medium
"unhygienic toilets in the Gomti Nagar, Lucknow government hospital",Health (Medical),Medium
pradhan embezzled all money for road construction in Village Rampur,Rural Development (Panchayati Raj),High
street light pole looking tilted in Village Basrehar,Electricity (UPPCL),Low
public toilet tap is dripping in Faizabad Chowk,Sanitation & Water (Jal Nigam/Nagar Nigam),Low
armed robbery in shop at Gram Kachhona market last night,Police (Home Dept),High
mobile phone snatched while walking in Agra Fort area,Police (Home Dept),Medium
armed robbery in shop at Meerut City market last night,Police (Home Dept),High
long waiting line for opd registration in Ghaziabad,Health (Medical),Low
frequent power cuts in Gram Panchayat Bojhi is affecting exam preparation,Electricity (UPPCL),Medium
internet nahi chal raha Village Rampur panchayat bhavan me,Rural Development (Panchayati Raj),Low
"live wire fell on the street in Basti, huge danger to kids",Electricity (UPPCL),High
armed robbery in shop at Unnao City market last night,Police (Home Dept),High
handpump kharab hai Etawah Main mein,Sanitation & Water (Jal Nigam/Nagar Nigam),Medium
"potholes needs repair in Sigra, Varanasi before monsoon",Roads (PWD/NHAI),Medium
"primary school roof is leaking in Remote area of Sonbhadra, dangerous for kids",Rural Development (Panchayati Raj),Medium
garbage truck not coming to Bareilly Cantt for last 3 days,Sanitation & Water (Jal Nigam/Nagar Nigam),Medium
pradhan ne paisa kha liya Gram Panchayat Bojhi road ka,Rural Development (Panchayati Raj),High
"ambulance nahi aa rahi Ghaziabad mein, patient serious hai",Health (Medical),High
"primary school roof is leaking in Gram Kachhona, dangerous for kids",Rural Development (Panchayati Raj),Medium
"road caved in due to heavy rain in Faizabad Chowk, traffic blocked",Roads (PWD/NHAI),High
birth certificate spelling correction request at Barabanki Town,Health (Medical),Low
footpath tiles broken in some places at Village Rampur,Roads (PWD/NHAI),Low
ganda paani nalo se aa raha hai Unnao City area me,Sanitation & Water (Jal Nigam/Nagar Nigam),High
garbage truck not coming to Gonda City for last 3 days,Sanitation & Water (Jal Nigam/Nagar Nigam),Medium
x-ray machine kharab hai Remote area of Sonbhadra mein,Health (Medical),Medium
need a sign board direction for Bareilly Cantt village,Roads (PWD/NHAI),Low
"sewage water mixing with drinking water in Mau Tehsil, kids falling sick",Sanitation & Water (Jal Nigam/Nagar Nigam),High
poore gaon mein light nahi hai Post Kakori mein pichle 2 din se,Electricity (UPPCL),High
street light pole looking tilted in Block Malihabad,Electricity (UPPCL),Low
huge crater in middle of road at Hardoi City causing accidents daily,Roads (PWD/NHAI),High
public toilet tap is dripping in Orai,Sanitation & Water (Jal Nigam/Nagar Nigam),Low
low voltage problem in Village Rampur during evening hours,Electricity (UPPCL),Medium
unhygienic toilets in the Noida Sector 18 government hospital,Health (Medical),Medium
mnrega ka paisa nahi mila Village Rampur mein,Rural Development (Panchayati Raj),High
ladayi ho rahi hai Orai chourahe par,Police (Home Dept),High
"sewage water mixing with drinking water in Block Malihabad, kids falling sick",Sanitation & Water (Jal Nigam/Nagar Nigam),High
"bridge railing toot gayi hai Hazratganj, Lucknow mein",Roads (PWD/NHAI),High
phone chori ho gaya Village Rampur market me,Police (Home Dept),Medium
"sewage water mixing with drinking water in Village Chhata, kids falling sick",Sanitation & Water (Jal Nigam/Nagar Nigam),High
handpump kharab hai Meerut City mein,Sanitation & Water (Jal Nigam/Nagar Nigam),Medium
"road caved in due to heavy rain in Orai, traffic blocked",Roads (PWD/NHAI),High
mobile phone snatched while walking in Meerut City,Police (Home Dept),Medium
"bijli ka bill bahut jyada aaya hai Civil Lines, Kanpur mein",Electricity (UPPCL),Medium
request to start sewing center for women in Village Basrehar,Rural Development (Panchayati Raj),Low
transformer caught fire in Mau Tehsil and oil is leaking,Electricity (UPPCL),High
"ambulance nahi aa rahi Bareilly Cantt mein, patient serious hai",Health (Medical),High
"sewage water mixing with drinking water in Hazratganj, Lucknow, kids falling sick",Sanitation & Water (Jal Nigam/Nagar Nigam),High
"primary school roof is leaking in Village Rampur, dangerous for kids",Rural Development (Panchayati Raj),Medium
"primary school roof is leaking in Block Malihabad, dangerous for kids",Rural Development (Panchayati Raj),Medium
"flood water entered village houses in Mau Tehsil, need rescue",Rural Development (Panchayati Raj),High
footpath tiles broken in some places at Noida Sector 18,Roads (PWD/NHAI),Low
sadak toot gayi hai Gram Kachhona mein,Roads (PWD/NHAI),Medium
"live wire fell on the street in Gram Kachhona, huge danger to kids",Electricity (UPPCL),High
"meter name change application pending in Hazratganj, Lucknow",Electricity (UPPCL),Low
"park needs cleaning in Sigra, Varanasi residential area",Sanitation & Water (Jal Nigam/Nagar Nigam),Low
garbage truck not coming to Tehsil Bikapur for last 3 days,Sanitation & Water (Jal Nigam/Nagar Nigam),Medium
"poore gaon mein light nahi hai Sigra, Varanasi mein pichle 2 din se",Electricity (UPPCL),High
low voltage problem in Post Kakori during evening hours,Electricity (UPPCL),Medium
"sewage water mixing with drinking water in Raebareli Market, kids falling sick",Sanitation & Water (Jal Nigam/Nagar Nigam),High
" मच्छर बहुत हो गए हैं Village Basrehar में, फॉगिंग करवाओ",Sanitation & Water (Jal Nigam/Nagar Nigam),Low
unhygienic toilets in the Orai government hospital,Health (Medical),Medium
library books request for Post Kakori village school,Rural Development (Panchayati Raj),Low
"live wire fell on the street in Mau Tehsil, huge danger to kids",Electricity (UPPCL),High
vaccine kab lagega Raebareli Market center par?,Health (Medical),Low
poore gaon mein light nahi hai Noida Sector 18 mein pichle 2 din se,Electricity (UPPCL),High
"Orai me transformer jal gaya hai, turant change karein",Electricity (UPPCL),High
road construction incomplete in Unnao City,Roads (PWD/NHAI),Medium
potholes needs repair in Meerut City before monsoon,Roads (PWD/NHAI),Medium
"Gonda City me transformer jal gaya hai, turant change karein",Electricity (UPPCL),High
talaab par kabza ho raha hai Village Chhata gaon mein,Rural Development (Panchayati Raj),Medium
kachra uthane vali gaadi nahi aayi Etawah Main mein,Sanitation & Water (Jal Nigam/Nagar Nigam),Medium
"chori ho gayi hai Unnao City mein, police bhejo",Police (Home Dept),High
"live wire fell on the street in Ghaziabad, huge danger to kids",Electricity (UPPCL),High
mnrega ka paisa nahi mila Village Basrehar mein,Rural Development (Panchayati Raj),High
pradhan ne paisa kha liya Tehsil Bikapur road ka,Rural Development (Panchayati Raj),High
"primary school roof is leaking in Village Chhata, dangerous for kids",Rural Development (Panchayati Raj),Medium
unhygienic toilets in the Noida Sector 18 government hospital,Health (Medical),Medium
dogs roaming inside the ward at Bareilly Cantt chc,Health (Medical),Medium
footpath tiles broken in some places at Village Basrehar,Roads (PWD/NHAI),Low
armed robbery in shop at Etawah Main market last night,Police (Home Dept),High
"flood water entered village houses in Village Rampur, need rescue",Rural Development (Panchayati Raj),High
"sewage water mixing with drinking water in Faizabad Chowk, kids falling sick",Sanitation & Water (Jal Nigam/Nagar Nigam),High
"mobile phone snatched while walking in Gomti Nagar, Lucknow",Police (Home Dept),Medium
talaab par kabza ho raha hai Post Kakori gaon mein,Rural Development (Panchayati Raj),Medium
pradhan ne paisa kha liya Tehsil Bikapur road ka,Rural Development (Panchayati Raj),High
fake medicine racket operating in Noida Sector 18 medical stores,Health (Medical),High
fake medicine racket operating in Remote area of Sonbhadra medical stores,Health (Medical),High
encroachment by shopkeepers on road in Remote area of Sonbhadra,Roads (PWD/NHAI),Medium
"sadak par bada gadda hai Civil Lines, Kanpur market ke paas",Roads (PWD/NHAI),High
potholes needs repair in Village Chhata before monsoon,Roads (PWD/NHAI),Medium
park needs cleaning in Agra Fort area residential area,Sanitation & Water (Jal Nigam/Nagar Nigam),Low
" मच्छर बहुत हो गए हैं Prayagraj City में, फॉगिंग करवाओ",Sanitation & Water (Jal Nigam/Nagar Nigam),Low
huge crater in middle of road at Basti causing accidents daily,Roads (PWD/NHAI),High
"chori ho gayi hai Ghaziabad mein, police bhejo",Police (Home Dept),High
vaccine kab lagega Block Malihabad center par?,Health (Medical),Low
pradhan ne paisa kha liya Gram Kachhona road ka,Rural Development (Panchayati Raj),High
request to start sewing center for women in Tehsil Bikapur,Rural Development (Panchayati Raj),Low
vaccine kab lagega Gram Panchayat Bojhi center par?,Health (Medical),Low
"road caved in due to heavy rain in Gonda City, traffic blocked",Roads (PWD/NHAI),High
"live wire fell on the street in Civil Lines, Kanpur, huge danger to kids",Electricity (UPPCL),High
birth certificate spelling correction request at Hardoi City,Health (Medical),Low
public toilet tap is dripping in Village Basrehar,Sanitation & Water (Jal Nigam/Nagar Nigam),Low
long waiting line for opd registration in Basti,Health (Medical),Low
pradhan embezzled all money for road construction in Village Chhata,Rural Development (Panchayati Raj),High
park needs cleaning in Gonda City residential area,Sanitation & Water (Jal Nigam/Nagar Nigam),Low
doctor late aate hain Noida Sector 18 hospital mein,Health (Medical),Medium
"sadak toot gayi hai Gomti Nagar, Lucknow mein",Roads (PWD/NHAI),Medium
unhygienic toilets in the Remote area of Sonbhadra government hospital,Health (Medical),Medium
kachra uthane vali gaadi nahi aayi Prayagraj City mein,Sanitation & Water (Jal Nigam/Nagar Nigam),Medium
doctor refused to treat critical patient in Unnao City phc,Health (Medical),High
doctor refused to treat critical patient in Prayagraj City phc,Health (Medical),High
talaab par kabza ho raha hai Block Malihabad gaon mein,Rural Development (Panchayati Raj),Medium
armed robbery in shop at Gram Kachhona market last night,Police (Home Dept),High
library books request for Gram Kachhona village school,Rural Development (Panchayati Raj),Low
"passport verification pending at Gomti Nagar, Lucknow thana for 2 weeks",Police (Home Dept),Low
sadak toot gayi hai Agra Fort area mein,Roads (PWD/NHAI),Medium
internet nahi chal raha Post Kakori panchayat bhavan me,Rural Development (Panchayati Raj),Low
"primary school roof is leaking in Tehsil Bikapur, dangerous for kids",Rural Development (Panchayati Raj),Medium
"potholes needs repair in Sigra, Varanasi before monsoon",Roads (PWD/NHAI),Medium
ladayi ho rahi hai Faizabad Chowk chourahe par,Police (Home Dept),High
need a sign board direction for Village Rampur village,Roads (PWD/NHAI),Low
bijli ka bill bahut jyada aaya hai Block Malihabad mein,Electricity (UPPCL),Medium
footpath tiles broken in some places at Gonda City,Roads (PWD/NHAI),Low
"live wire fell on the street in Agra Fort area, huge danger to kids",Electricity (UPPCL),High
talaab par kabza ho raha hai Remote area of Sonbhadra gaon mein,Rural Development (Panchayati Raj),Medium
talaab par kabza ho raha hai Gram Kachhona gaon mein,Rural Development (Panchayati Raj),Medium
"Orai me transformer jal gaya hai, turant change karein",Electricity (UPPCL),High
frequent power cuts in Gonda City is affecting exam preparation,Electricity (UPPCL),Medium
"live wire fell on the street in Sitapur One, huge danger to kids",Electricity (UPPCL),High
huge crater in middle of road at Unnao City causing accidents daily,Roads (PWD/NHAI),High
solar panel subsidy ki jankari chahiye Prayagraj City ke liye,Electricity (UPPCL),Low
traffic police asking for bribe at Post Kakori crossing,Police (Home Dept),Medium
huge crater in middle of road at Prayagraj City causing accidents daily,Roads (PWD/NHAI),High
need a sign board direction for Noida Sector 18 village,Roads (PWD/NHAI),Low
x-ray machine kharab hai Gram Panchayat Bojhi mein,Health (Medical),Medium
fake medicine racket operating in Tehsil Bikapur medical stores,Health (Medical),High
huge crater in middle of road at Bareilly Cantt causing accidents daily,Roads (PWD/NHAI),High
internet nahi chal raha Village Rampur panchayat bhavan me,Rural Development (Panchayati Raj),Low
street light pole looking tilted in Remote area of Sonbhadra,Electricity (UPPCL),Low
poore gaon mein light nahi hai Agra Fort area mein pichle 2 din se,Electricity (UPPCL),High
"need a sign board direction for Hazratganj, Lucknow village",Roads (PWD/NHAI),Low
character certificate chahiye Remote area of Sonbhadra police station se,Police (Home Dept),Low
meter reading galat hai Mau Tehsil wale ghar ki,Electricity (UPPCL),Medium
ganda paani nalo se aa raha hai Faizabad Chowk area me,Sanitation & Water (Jal Nigam/Nagar Nigam),High
library books request for Tehsil Bikapur village school,Rural Development (Panchayati Raj),Low
street light pole looking tilted in Gonda City,Electricity (UPPCL),Low
pradhan ne paisa kha liya Mau Tehsil road ka,Rural Development (Panchayati Raj),High
low voltage problem in Raebareli Market during evening hours,Electricity (UPPCL),Medium
encroachment by shopkeepers on road in Post Kakori,Roads (PWD/NHAI),Medium
meter reading galat hai Raebareli Market wale ghar ki,Electricity (UPPCL),Medium
long waiting line for opd registration in Village Chhata,Health (Medical),Low
" मच्छर बहुत हो गए हैं Sitapur One में, फॉगिंग करवाओ",Sanitation & Water (Jal Nigam/Nagar Nigam),Low
long waiting line for opd registration in Meerut City,Health (Medical),Low
"unhygienic toilets in the Sigra, Varanasi government hospital",Health (Medical),Medium
traffic police asking for bribe at Bareilly Cantt crossing,Police (Home Dept),Medium
"road caved in due to heavy rain in Ghaziabad, traffic blocked",Roads (PWD/NHAI),High
park needs cleaning in Gonda City residential area,Sanitation & Water (Jal Nigam/Nagar Nigam),Low
mnrega ka paisa nahi mila Village Rampur mein,Rural Development (Panchayati Raj),High
character certificate chahiye Tehsil Bikapur police station se,Police (Home Dept),Low
library books request for Village Basrehar village school,Rural Development (Panchayati Raj),Low
sadak toot gayi hai Basti mein,Roads (PWD/NHAI),Medium
encroachment by shopkeepers on road in Prayagraj City,Roads (PWD/NHAI),Medium
solar panel subsidy ki jankari chahiye Faizabad Chowk ke liye,Electricity (UPPCL),Low
sadak toot gayi hai Village Basrehar mein,Roads (PWD/NHAI),Medium
"fake medicine racket operating in Hazratganj, Lucknow medical stores",Health (Medical),High
"flood water entered village houses in Block Malihabad, need rescue",Rural Development (Panchayati Raj),High
doctor late aate hain Gram Panchayat Bojhi hospital mein,Health (Medical),Medium
huge crater in middle of road at Etawah Main causing accidents daily,Roads (PWD/NHAI),High
"ambulance nahi aa rahi Basti mein, patient serious hai",Health (Medical),High
meter name change application pending in Gonda City,Electricity (UPPCL),Low
kachra uthane vali gaadi nahi aayi Meerut City mein,Sanitation & Water (Jal Nigam/Nagar Nigam),Medium
meter name change application pending in Sitapur One,Electricity (UPPCL),Low
"sewage water mixing with drinking water in Mau Tehsil, kids falling sick",Sanitation & Water (Jal Nigam/Nagar Nigam),High
armed robbery in shop at Tehsil Bikapur market last night,Police (Home Dept),High
stray cattle destroying crops in Gram Panchayat Bojhi farms,Rural Development (Panchayati Raj),Medium
bijli ka bill bahut jyada aaya hai Hardoi City mein,Electricity (UPPCL),Medium
birth certificate spelling correction request at Prayagraj City,Health (Medical),Low
"road caved in due to heavy rain in Remote area of Sonbhadra, traffic blocked",Roads (PWD/NHAI),High
dogs roaming inside the ward at Block Malihabad chc,Health (Medical),Medium
talaab par kabza ho raha hai Village Chhata gaon mein,Rural Development (Panchayati Raj),Medium
bridge railing toot gayi hai Sitapur One mein,Roads (PWD/NHAI),High
loudspeaker shor kar raha hai Gram Kachhona mein raat ko,Police (Home Dept),Medium
solar panel subsidy ki jankari chahiye Gram Panchayat Bojhi ke liye,Electricity (UPPCL),Low
sadak par bada gadda hai Post Kakori market ke paas,Roads (PWD/NHAI),High
birth certificate spelling correction request at Noida Sector 18,Health (Medical),Low
potholes needs repair in Hardoi City before monsoon,Roads (PWD/NHAI),Medium
x-ray machine kharab hai Meerut City mein,Health (Medical),Medium
internet nahi chal raha Village Rampur panchayat bhavan me,Rural Development (Panchayati Raj),Low
need a sign board direction for Meerut City village,Roads (PWD/NHAI),Low
footpath tiles broken in some places at Hardoi City,Roads (PWD/NHAI),Low
low voltage problem in Ghaziabad during evening hours,Electricity (UPPCL),Medium
zebra crossing repaint kara do Raebareli Market chowk par,Roads (PWD/NHAI),Low
traffic police asking for bribe at Agra Fort area crossing,Police (Home Dept),Medium
fake medicine racket operating in Remote area of Sonbhadra medical stores,Health (Medical),High
phone chori ho gaya Prayagraj City market me,Police (Home Dept),Medium
child kidnapped from Ghaziabad school area,Police (Home Dept),High
character certificate chahiye Noida Sector 18 police station se,Police (Home Dept),Low
unhygienic toilets in the Agra Fort area government hospital,Health (Medical),Medium
"open manhole on main road in Mau Tehsil, heavy accident risk",Sanitation & Water (Jal Nigam/Nagar Nigam),High
vaccine kab lagega Village Rampur center par?,Health (Medical),Low
water pipeline leakage wasting water in Orai,Sanitation & Water (Jal Nigam/Nagar Nigam),Medium
"live wire fell on the street in Tehsil Bikapur, huge danger to kids",Electricity (UPPCL),High
solar panel subsidy ki jankari chahiye Tehsil Bikapur ke liye,Electricity (UPPCL),Low
bijli ka bill bahut jyada aaya hai Ghaziabad mein,Electricity (UPPCL),Medium
zebra crossing repaint kara do Block Malihabad chowk par,Roads (PWD/NHAI),Low
x-ray machine kharab hai Noida Sector 18 mein,Health (Medical),Medium
birth certificate spelling correction request at Village Rampur,Health (Medical),Low
internet nahi chal raha Village Basrehar panchayat bhavan me,Rural Development (Panchayati Raj),Low
village pond is being encroached by builder in Village Rampur,Rural Development (Panchayati Raj),Medium
doctor refused to treat critical patient in Prayagraj City phc,Health (Medical),High
public toilet tap is dripping in Mau Tehsil,Sanitation & Water (Jal Nigam/Nagar Nigam),Low
park needs cleaning in Ghaziabad residential area,Sanitation & Water (Jal Nigam/Nagar Nigam),Low
stray cattle destroying crops in Tehsil Bikapur farms,Rural Development (Panchayati Raj),Medium
bridge railing toot gayi hai Block Malihabad mein,Roads (PWD/NHAI),High
birth certificate spelling correction request at Mau Tehsil,Health (Medical),Low
long waiting line for opd registration in Gram Panchayat Bojhi,Health (Medical),Low
mobile phone snatched while walking in Agra Fort area,Police (Home Dept),Medium
village pond is being encroached by builder in Village Rampur,Rural Development (Panchayati Raj),Medium
general query about filing fir online for Raebareli Market resident,Police (Home Dept),Low
park needs cleaning in Mau Tehsil residential area,Sanitation & Water (Jal Nigam/Nagar Nigam),Low
stray cattle destroying crops in Gram Panchayat Bojhi farms,Rural Development (Panchayati Raj),Medium
doctor refused to treat critical patient in Gram Kachhona phc,Health (Medical),High
"primary school roof is leaking in Gram Panchayat Bojhi, dangerous for kids",Rural Development (Panchayati Raj),Medium
long waiting line for opd registration in Unnao City,Health (Medical),Low
public toilet tap is dripping in Raebareli Market,Sanitation & Water (Jal Nigam/Nagar Nigam),Low
ladayi ho rahi hai Remote area of Sonbhadra chourahe par,Police (Home Dept),High
request to start sewing center for women in Mau Tehsil,Rural Development (Panchayati Raj),Low
x-ray machine kharab hai Noida Sector 18 mein,Health (Medical),Medium
park needs cleaning in Block Malihabad residential area,Sanitation & Water (Jal Nigam/Nagar Nigam),Low
ganda paani nalo se aa raha hai Meerut City area me,Sanitation & Water (Jal Nigam/Nagar Nigam),High
garbage truck not coming to Village Rampur for last 3 days,Sanitation & Water (Jal Nigam/Nagar Nigam),Medium
request to start sewing center for women in Gram Kachhona,Rural Development (Panchayati Raj),Low
"child kidnapped from Hazratganj, Lucknow school area",Police (Home Dept),High
vaccine kab lagega Tehsil Bikapur center par?,Health (Medical),Low
road construction incomplete in Village Chhata,Roads (PWD/NHAI),Medium
" मच्छर बहुत हो गए हैं Barabanki Town में, फॉगिंग करवाओ",Sanitation & Water (Jal Nigam/Nagar Nigam),Low
"flood water entered village houses in Village Rampur, need rescue",Rural Development (Panchayati Raj),High
"sewage water mixing with drinking water in Meerut City, kids falling sick",Sanitation & Water (Jal Nigam/Nagar Nigam),High
"sewage water mixing with drinking water in Village Basrehar, kids falling sick",Sanitation & Water (Jal Nigam/Nagar Nigam),High
pradhan ne paisa kha liya Remote area of Sonbhadra road ka,Rural Development (Panchayati Raj),High
"flood water entered village houses in Remote area of Sonbhadra, need rescue",Rural Development (Panchayati Raj),High
oxygen cylinder available nahi hai Barabanki Town hospital me,Health (Medical),High
park needs cleaning in Gram Panchayat Bojhi residential area,Sanitation & Water (Jal Nigam/Nagar Nigam),Low
public toilet tap is dripping in Gonda City,Sanitation & Water (Jal Nigam/Nagar Nigam),Low
dogs roaming inside the ward at Orai chc,Health (Medical),Medium
"chori ho gayi hai Etawah Main mein, police bhejo",Police (Home Dept),High
library books request for Remote area of Sonbhadra village school,Rural Development (Panchayati Raj),Low
oxygen cylinder available nahi hai Village Chhata hospital me,Health (Medical),High
water pipeline leakage wasting water in Raebareli Market,Sanitation & Water (Jal Nigam/Nagar Nigam),Medium
sadak par bada gadda hai Raebareli Market market ke paas,Roads (PWD/NHAI),High
traffic police asking for bribe at Bareilly Cantt crossing,Police (Home Dept),Medium
need a sign board direction for Agra Fort area village,Roads (PWD/NHAI),Low
meter name change application pending in Gonda City,Electricity (UPPCL),Low
"sadak par bada gadda hai Hazratganj, Lucknow market ke paas",Roads (PWD/NHAI),High
"vaccine kab lagega Civil Lines, Kanpur center par?",Health (Medical),Low
sadak toot gayi hai Unnao City mein,Roads (PWD/NHAI),Medium
talaab par kabza ho raha hai Gram Panchayat Bojhi gaon mein,Rural Development (Panchayati Raj),Medium
sadak toot gayi hai Agra Fort area mein,Roads (PWD/NHAI),Medium
"chori ho gayi hai Hazratganj, Lucknow mein, police bhejo",Police (Home Dept),High
"clean water nahi aa raha hai Sitapur One mein, paani bohot ganda hai",Sanitation & Water (Jal Nigam/Nagar Nigam),High
library books request for Tehsil Bikapur village school,Rural Development (Panchayati Raj),Low
zebra crossing repaint kara do Noida Sector 18 chowk par,Roads (PWD/NHAI),Low
road construction incomplete in Etawah Main,Roads (PWD/NHAI),Medium
transformer caught fire in Ghaziabad and oil is leaking,Electricity (UPPCL),High
mobile phone snatched while walking in Meerut City,Police (Home Dept),Medium
x-ray machine kharab hai Agra Fort area mein,Health (Medical),Medium
doctor refused to treat critical patient in Unnao City phc,Health (Medical),High
mobile phone snatched while walking in Noida Sector 18,Police (Home Dept),Medium
traffic police asking for bribe at Village Chhata crossing,Police (Home Dept),Medium
long waiting line for opd registration in Prayagraj City,Health (Medical),Low
library books request for Remote area of Sonbhadra village school,Rural Development (Panchayati Raj),Low
bridge railing toot gayi hai Etawah Main mein,Roads (PWD/NHAI),High
phone chori ho gaya Unnao City market me,Police (Home Dept),Medium
doctor refused to treat critical patient in Post Kakori phc,Health (Medical),High
x-ray machine kharab hai Faizabad Chowk mein,Health (Medical),Medium
fake medicine racket operating in Unnao City medical stores,Health (Medical),High
"long waiting line for opd registration in Hazratganj, Lucknow",Health (Medical),Low
handpump kharab hai Gram Panchayat Bojhi mein,Sanitation & Water (Jal Nigam/Nagar Nigam),Medium
"sewage water mixing with drinking water in Ghaziabad, kids falling sick",Sanitation & Water (Jal Nigam/Nagar Nigam),High
"flood water entered village houses in Village Rampur, need rescue",Rural Development (Panchayati Raj),High
x-ray machine kharab hai Remote area of Sonbhadra mein,Health (Medical),Medium
low voltage problem in Remote area of Sonbhadra during evening hours,Electricity (UPPCL),Medium
loudspeaker shor kar raha hai Tehsil Bikapur mein raat ko,Police (Home Dept),Medium
pradhan ne paisa kha liya Village Chhata road ka,Rural Development (Panchayati Raj),High
phone chori ho gaya Remote area of Sonbhadra market me,Police (Home Dept),Medium
low voltage problem in Noida Sector 18 during evening hours,Electricity (UPPCL),Medium
internet nahi chal raha Village Basrehar panchayat bhavan me,Rural Development (Panchayati Raj),Low
meter name change application pending in Village Chhata,Electricity (UPPCL),Low
dogs roaming inside the ward at Remote area of Sonbhadra chc,Health (Medical),Medium
x-ray machine kharab hai Bareilly Cantt mein,Health (Medical),Medium
zebra crossing repaint kara do Sitapur One chowk par,Roads (PWD/NHAI),Low
"solar panel subsidy ki jankari chahiye Sigra, Varanasi ke liye",Electricity (UPPCL),Low
"live wire fell on the street in Tehsil Bikapur, huge danger to kids",Electricity (UPPCL),High
birth certificate spelling correction request at Sitapur One,Health (Medical),Low
passport verification pending at Sitapur One thana for 2 weeks,Police (Home Dept),Low
stray cattle destroying crops in Gram Panchayat Bojhi farms,Rural Development (Panchayati Raj),Medium
stray cattle destroying crops in Village Chhata farms,Rural Development (Panchayati Raj),Medium
ladayi ho rahi hai Orai chourahe par,Police (Home Dept),High
village pond is being encroached by builder in Village Chhata,Rural Development (Panchayati Raj),Medium
"zebra crossing repaint kara do Gomti Nagar, Lucknow chowk par",Roads (PWD/NHAI),Low
frequent power cuts in Post Kakori is affecting exam preparation,Electricity (UPPCL),Medium
kachra uthane vali gaadi nahi aayi Village Chhata mein,Sanitation & Water (Jal Nigam/Nagar Nigam),Medium
vaccine kab lagega Sitapur One center par?,Health (Medical),Low
"road caved in due to heavy rain in Prayagraj City, traffic blocked",Roads (PWD/NHAI),High
"chori ho gayi hai Hazratganj, Lucknow mein, police bhejo",Police (Home Dept),High
"zebra crossing repaint kara do Civil Lines, Kanpur chowk par",Roads (PWD/NHAI),Low
"ladayi ho rahi hai Sigra, Varanasi chourahe par",Police (Home Dept),High
"low voltage problem in Civil Lines, Kanpur during evening hours",Electricity (UPPCL),Medium
"poore gaon mein light nahi hai Sigra, Varanasi mein pichle 2 din se",Electricity (UPPCL),High
mobile phone snatched while walking in Village Chhata,Police (Home Dept),Medium
bijli ka bill bahut jyada aaya hai Prayagraj City mein,Electricity (UPPCL),Medium
request to start sewing center for women in Post Kakori,Rural Development (Panchayati Raj),Low
need a sign board direction for Block Malihabad village,Roads (PWD/NHAI),Low
village pond is being encroached by builder in Village Chhata,Rural Development (Panchayati Raj),Medium
"open manhole on main road in Gram Kachhona, heavy accident risk",Sanitation & Water (Jal Nigam/Nagar Nigam),High
meter reading galat hai Gram Kachhona wale ghar ki,Electricity (UPPCL),Medium
handpump kharab hai Hardoi City mein,Sanitation & Water (Jal Nigam/Nagar Nigam),Medium
"open manhole on main road in Unnao City, heavy accident risk",Sanitation & Water (Jal Nigam/Nagar Nigam),High
birth certificate spelling correction request at Hardoi City,Health (Medical),Low
traffic police asking for bribe at Raebareli Market crossing,Police (Home Dept),Medium
"live wire fell on the street in Gram Kachhona, huge danger to kids",Electricity (UPPCL),High
poore gaon mein light nahi hai Village Chhata mein pichle 2 din se,Electricity (UPPCL),High
request to start sewing center for women in Gram Kachhona,Rural Development (Panchayati Raj),Low
x-ray machine kharab hai Bareilly Cantt mein,Health (Medical),Medium
need a sign board direction for Noida Sector 18 village,Roads (PWD/NHAI),Low
"meter name change application pending in Gomti Nagar, Lucknow",Electricity (UPPCL),Low
public toilet tap is dripping in Village Rampur,Sanitation & Water (Jal Nigam/Nagar Nigam),Low
request to start sewing center for women in Village Chhata,Rural Development (Panchayati Raj),Low
pradhan embezzled all money for road construction in Post Kakori,Rural Development (Panchayati Raj),High
fake medicine racket operating in Village Chhata medical stores,Health (Medical),High
"sewage water mixing with drinking water in Faizabad Chowk, kids falling sick",Sanitation & Water (Jal Nigam/Nagar Nigam),High
"clean water nahi aa raha hai Noida Sector 18 mein, paani bohot ganda hai",Sanitation & Water (Jal Nigam/Nagar Nigam),High
stray cattle destroying crops in Gram Kachhona farms,Rural Development (Panchayati Raj),Medium
zebra crossing repaint kara do Tehsil Bikapur chowk par,Roads (PWD/NHAI),Low
mnrega ka paisa nahi mila Village Basrehar mein,Rural Development (Panchayati Raj),High
bridge railing toot gayi hai Remote area of Sonbhadra mein,Roads (PWD/NHAI),High
kachra uthane vali gaadi nahi aayi Block Malihabad mein,Sanitation & Water (Jal Nigam/Nagar Nigam),Medium
village pond is being encroached by builder in Block Malihabad,Rural Development (Panchayati Raj),Medium
low voltage problem in Faizabad Chowk during evening hours,Electricity (UPPCL),Medium
"kachra uthane vali gaadi nahi aayi Gomti Nagar, Lucknow mein",Sanitation & Water (Jal Nigam/Nagar Nigam),Medium
"doctor late aate hain Hazratganj, Lucknow hospital mein",Health (Medical),Medium
public toilet tap is dripping in Ghaziabad,Sanitation & Water (Jal Nigam/Nagar Nigam),Low
" मच्छर बहुत हो गए हैं Hardoi City में, फॉगिंग करवाओ",Sanitation & Water (Jal Nigam/Nagar Nigam),Low
zebra crossing repaint kara do Sitapur One chowk par,Roads (PWD/NHAI),Low
street light pole looking tilted in Raebareli Market,Electricity (UPPCL),Low
"vaccine kab lagega Gomti Nagar, Lucknow center par?",Health (Medical),Low
"primary school roof is leaking in Village Chhata, dangerous for kids",Rural Development (Panchayati Raj),Medium
road construction incomplete in Hardoi City,Roads (PWD/NHAI),Medium
"bridge railing toot gayi hai Hazratganj, Lucknow mein",Roads (PWD/NHAI),High
need a sign board direction for Gram Kachhona village,Roads (PWD/NHAI),Low
"open manhole on main road in Post Kakori, heavy accident risk",Sanitation & Water (Jal Nigam/Nagar Nigam),High
zebra crossing repaint kara do Noida Sector 18 chowk par,Roads (PWD/NHAI),Low
"meter name change application pending in Hazratganj, Lucknow",Electricity (UPPCL),Low
meter reading galat hai Barabanki Town wale ghar ki,Electricity (UPPCL),Medium
need a sign board direction for Block Malihabad village,Roads (PWD/NHAI),Low
general query about filing fir online for Faizabad Chowk resident,Police (Home Dept),Low
poore gaon mein light nahi hai Hardoi City mein pichle 2 din se,Electricity (UPPCL),High
x-ray machine kharab hai Etawah Main mein,Health (Medical),Medium
"general query about filing fir online for Gomti Nagar, Lucknow resident",Police (Home Dept),Low
phone chori ho gaya Village Chhata market me,Police (Home Dept),Medium
"doctor late aate hain Sigra, Varanasi hospital mein",Health (Medical),Medium
"primary school roof is leaking in Mau Tehsil, dangerous for kids",Rural Development (Panchayati Raj),Medium
library books request for Village Basrehar village school,Rural Development (Panchayati Raj),Low
village pond is being encroached by builder in Gram Kachhona,Rural Development (Panchayati Raj),Medium
"sewage water mixing with drinking water in Tehsil Bikapur, kids falling sick",Sanitation & Water (Jal Nigam/Nagar Nigam),High
sadak par bada gadda hai Remote area of Sonbhadra market ke paas,Roads (PWD/NHAI),High
low voltage problem in Faizabad Chowk during evening hours,Electricity (UPPCL),Medium
"ambulance nahi aa rahi Agra Fort area mein, patient serious hai",Health (Medical),High
"meter name change application pending in Hazratganj, Lucknow",Electricity (UPPCL),Low
"road caved in due to heavy rain in Gonda City, traffic blocked",Roads (PWD/NHAI),High
"general query about filing fir online for Civil Lines, Kanpur resident",Police (Home Dept),Low
"road caved in due to heavy rain in Hazratganj, Lucknow, traffic blocked",Roads (PWD/NHAI),High
"live wire fell on the street in Noida Sector 18, huge danger to kids",Electricity (UPPCL),High
pradhan embezzled all money for road construction in Village Basrehar,Rural Development (Panchayati Raj),High
"oxygen cylinder available nahi hai Civil Lines, Kanpur hospital me",Health (Medical),High
"open manhole on main road in Agra Fort area, heavy accident risk",Sanitation & Water (Jal Nigam/Nagar Nigam),High
meter reading galat hai Basti wale ghar ki,Electricity (UPPCL),Medium
huge crater in middle of road at Bareilly Cantt causing accidents daily,Roads (PWD/NHAI),High
"clean water nahi aa raha hai Gomti Nagar, Lucknow mein, paani bohot ganda hai",Sanitation & Water (Jal Nigam/Nagar Nigam),High
phone chori ho gaya Post Kakori market me,Police (Home Dept),Medium
"primary school roof is leaking in Village Basrehar, dangerous for kids",Rural Development (Panchayati Raj),Medium
"flood water entered village houses in Gram Panchayat Bojhi, need rescue",Rural Development (Panchayati Raj),High
character certificate chahiye Sitapur One police station se,Police (Home Dept),Low
bridge railing toot gayi hai Etawah Main mein,Roads (PWD/NHAI),High
water pipeline leakage wasting water in Meerut City,Sanitation & Water (Jal Nigam/Nagar Nigam),Medium
"zebra crossing repaint kara do Sigra, Varanasi chowk par",Roads (PWD/NHAI),Low
"open manhole on main road in Faizabad Chowk, heavy accident risk",Sanitation & Water (Jal Nigam/Nagar Nigam),High
park needs cleaning in Village Chhata residential area,Sanitation & Water (Jal Nigam/Nagar Nigam),Low
oxygen cylinder available nahi hai Sitapur One hospital me,Health (Medical),High
internet nahi chal raha Gram Kachhona panchayat bhavan me,Rural Development (Panchayati Raj),Low
traffic police asking for bribe at Sitapur One crossing,Police (Home Dept),Medium
stray cattle destroying crops in Remote area of Sonbhadra farms,Rural Development (Panchayati Raj),Medium
fake medicine racket operating in Faizabad Chowk medical stores,Health (Medical),High
frequent power cuts in Gram Kachhona is affecting exam preparation,Electricity (UPPCL),Medium
"phone chori ho gaya Sigra, Varanasi market me",Police (Home Dept),Medium
"x-ray machine kharab hai Sigra, Varanasi mein",Health (Medical),Medium
internet nahi chal raha Gram Panchayat Bojhi panchayat bhavan me,Rural Development (Panchayati Raj),Low
general query about filing fir online for Gonda City resident,Police (Home Dept),Low
street light pole looking tilted in Orai,Electricity (UPPCL),Low
talaab par kabza ho raha hai Village Chhata gaon mein,Rural Development (Panchayati Raj),Medium
doctor late aate hain Raebareli Market hospital mein,Health (Medical),Medium
phone chori ho gaya Etawah Main market me,Police (Home Dept),Medium
frequent power cuts in Mau Tehsil is affecting exam preparation,Electricity (UPPCL),Medium
"clean water nahi aa raha hai Village Chhata mein, paani bohot ganda hai",Sanitation & Water (Jal Nigam/Nagar Nigam),High
"chori ho gayi hai Gram Panchayat Bojhi mein, police bhejo",Police (Home Dept),High
"ambulance nahi aa rahi Etawah Main mein, patient serious hai",Health (Medical),High
"handpump kharab hai Hazratganj, Lucknow mein",Sanitation & Water (Jal Nigam/Nagar Nigam),Medium
unhygienic toilets in the Prayagraj City government hospital,Health (Medical),Medium
dogs roaming inside the ward at Gram Panchayat Bojhi chc,Health (Medical),Medium
traffic police asking for bribe at Meerut City crossing,Police (Home Dept),Medium
stray cattle destroying crops in Village Chhata farms,Rural Development (Panchayati Raj),Medium
general query about filing fir online for Remote area of Sonbhadra resident,Police (Home Dept),Low
public toilet tap is dripping in Agra Fort area,Sanitation & Water (Jal Nigam/Nagar Nigam),Low
mnrega ka paisa nahi mila Tehsil Bikapur mein,Rural Development (Panchayati Raj),High
potholes needs repair in Remote area of Sonbhadra before monsoon,Roads (PWD/NHAI),Medium
"open manhole on main road in Etawah Main, heavy accident risk",Sanitation & Water (Jal Nigam/Nagar Nigam),High
"passport verification pending at Civil Lines, Kanpur thana for 2 weeks",Police (Home Dept),Low
street light pole looking tilted in Noida Sector 18,Electricity (UPPCL),Low
low voltage problem in Remote area of Sonbhadra during evening hours,Electricity (UPPCL),Medium
huge crater in middle of road at Faizabad Chowk causing accidents daily,Roads (PWD/NHAI),High
phone chori ho gaya Unnao City market me,Police (Home Dept),Medium
dogs roaming inside the ward at Remote area of Sonbhadra chc,Health (Medical),Medium
x-ray machine kharab hai Sitapur One mein,Health (Medical),Medium
long waiting line for opd registration in Gram Kachhona,Health (Medical),Low
sadak par bada gadda hai Hardoi City market ke paas,Roads (PWD/NHAI),High
kachra uthane vali gaadi nahi aayi Sitapur One mein,Sanitation & Water (Jal Nigam/Nagar Nigam),Medium
x-ray machine kharab hai Sitapur One mein,Health (Medical),Medium
character certificate chahiye Hardoi City police station se,Police (Home Dept),Low
library books request for Block Malihabad village school,Rural Development (Panchayati Raj),Low
footpath tiles broken in some places at Faizabad Chowk,Roads (PWD/NHAI),Low
"primary school roof is leaking in Village Rampur, dangerous for kids",Rural Development (Panchayati Raj),Medium
bijli ka bill bahut jyada aaya hai Orai mein,Electricity (UPPCL),Medium
"public toilet tap is dripping in Hazratganj, Lucknow",Sanitation & Water (Jal Nigam/Nagar Nigam),Low
"flood water entered village houses in Village Chhata, need rescue",Rural Development (Panchayati Raj),High
"doctor refused to treat critical patient in Gomti Nagar, Lucknow phc",Health (Medical),High
road construction incomplete in Gram Kachhona,Roads (PWD/NHAI),Medium
park needs cleaning in Ghaziabad residential area,Sanitation & Water (Jal Nigam/Nagar Nigam),Low
"flood water entered village houses in Post Kakori, need rescue",Rural Development (Panchayati Raj),High
pradhan embezzled all money for road construction in Tehsil Bikapur,Rural Development (Panchayati Raj),High
fake medicine racket operating in Sitapur One medical stores,Health (Medical),High
garbage truck not coming to Tehsil Bikapur for last 3 days,Sanitation & Water (Jal Nigam/Nagar Nigam),Medium
doctor refused to treat critical patient in Raebareli Market phc,Health (Medical),High
encroachment by shopkeepers on road in Post Kakori,Roads (PWD/NHAI),Medium
handpump kharab hai Ghaziabad mein,Sanitation & Water (Jal Nigam/Nagar Nigam),Medium
"ambulance nahi aa rahi Unnao City mein, patient serious hai",Health (Medical),High
phone chori ho gaya Remote area of Sonbhadra market me,Police (Home Dept),Medium
"road caved in due to heavy rain in Post Kakori, traffic blocked",Roads (PWD/NHAI),High
sadak toot gayi hai Hardoi City mein,Roads (PWD/NHAI),Medium
bijli ka bill bahut jyada aaya hai Gram Kachhona mein,Electricity (UPPCL),Medium
phone chori ho gaya Raebareli Market market me,Police (Home Dept),Medium
"primary school roof is leaking in Village Basrehar, dangerous for kids",Rural Development (Panchayati Raj),Medium
"primary school roof is leaking in Gram Panchayat Bojhi, dangerous for kids",Rural Development (Panchayati Raj),Medium
stray cattle destroying crops in Village Chhata farms,Rural Development (Panchayati Raj),Medium
pradhan embezzled all money for road construction in Village Rampur,Rural Development (Panchayati Raj),High
request to start sewing center for women in Village Basrehar,Rural Development (Panchayati Raj),Low
oxygen cylinder available nahi hai Orai hospital me,Health (Medical),High
meter reading galat hai Raebareli Market wale ghar ki,Electricity (UPPCL),Medium
park needs cleaning in Village Basrehar residential area,Sanitation & Water (Jal Nigam/Nagar Nigam),Low
need a sign board direction for Village Rampur village,Roads (PWD/NHAI),Low
meter reading galat hai Post Kakori wale ghar ki,Electricity (UPPCL),Medium
phone chori ho gaya Meerut City market me,Police (Home Dept),Medium
dogs roaming inside the ward at Post Kakori chc,Health (Medical),Medium
zebra crossing repaint kara do Bareilly Cantt chowk par,Roads (PWD/NHAI),Low
general query about filing fir online for Tehsil Bikapur resident,Police (Home Dept),Low
"open manhole on main road in Barabanki Town, heavy accident risk",Sanitation & Water (Jal Nigam/Nagar Nigam),High
mobile phone snatched while walking in Post Kakori,Police (Home Dept),Medium
armed robbery in shop at Village Chhata market last night,Police (Home Dept),High
ganda paani nalo se aa raha hai Raebareli Market area me,Sanitation & Water (Jal Nigam/Nagar Nigam),High
meter reading galat hai Remote area of Sonbhadra wale ghar ki,Electricity (UPPCL),Medium
"road caved in due to heavy rain in Sigra, Varanasi, traffic blocked",Roads (PWD/NHAI),High
ganda paani nalo se aa raha hai Barabanki Town area me,Sanitation & Water (Jal Nigam/Nagar Nigam),High
meter reading galat hai Block Malihabad wale ghar ki,Electricity (UPPCL),Medium
"armed robbery in shop at Hazratganj, Lucknow market last night",Police (Home Dept),High
frequent power cuts in Orai is affecting exam preparation,Electricity (UPPCL),Medium
bridge railing toot gayi hai Village Basrehar mein,Roads (PWD/NHAI),High
handpump kharab hai Village Chhata mein,Sanitation & Water (Jal Nigam/Nagar Nigam),Medium
unhygienic toilets in the Bareilly Cantt government hospital,Health (Medical),Medium
phone chori ho gaya Hardoi City market me,Police (Home Dept),Medium
need a sign board direction for Meerut City village,Roads (PWD/NHAI),Low
"Noida Sector 18 me transformer jal gaya hai, turant change karein",Electricity (UPPCL),High
"primary school roof is leaking in Post Kakori, dangerous for kids",Rural Development (Panchayati Raj),Medium
"sadak par bada gadda hai Sigra, Varanasi market ke paas",Roads (PWD/NHAI),High
phone chori ho gaya Orai market me,Police (Home Dept),Medium
mnrega ka paisa nahi mila Village Chhata mein,Rural Development (Panchayati Raj),High
sadak toot gayi hai Prayagraj City mein,Roads (PWD/NHAI),Medium
character certificate chahiye Unnao City police station se,Police (Home Dept),Low
"meter name change application pending in Gomti Nagar, Lucknow",Electricity (UPPCL),Low
"live wire fell on the street in Sitapur One, huge danger to kids",Electricity (UPPCL),High
zebra crossing repaint kara do Etawah Main chowk par,Roads (PWD/NHAI),Low
garbage truck not coming to Agra Fort area for last 3 days,Sanitation & Water (Jal Nigam/Nagar Nigam),Medium
talaab par kabza ho raha hai Block Malihabad gaon mein,Rural Development (Panchayati Raj),Medium
long waiting line for opd registration in Gram Kachhona,Health (Medical),Low
solar panel subsidy ki jankari chahiye Faizabad Chowk ke liye,Electricity (UPPCL),Low
loudspeaker shor kar raha hai Prayagraj City mein raat ko,Police (Home Dept),Medium
talaab par kabza ho raha hai Remote area of Sonbhadra gaon mein,Rural Development (Panchayati Raj),Medium
huge crater in middle of road at Tehsil Bikapur causing accidents daily,Roads (PWD/NHAI),High
dogs roaming inside the ward at Barabanki Town chc,Health (Medical),Medium
encroachment by shopkeepers on road in Sitapur One,Roads (PWD/NHAI),Medium
loudspeaker shor kar raha hai Barabanki Town mein raat ko,Police (Home Dept),Medium
"clean water nahi aa raha hai Bareilly Cantt mein, paani bohot ganda hai",Sanitation & Water (Jal Nigam/Nagar Nigam),High
internet nahi chal raha Block Malihabad panchayat bhavan me,Rural Development (Panchayati Raj),Low
sadak toot gayi hai Faizabad Chowk mein,Roads (PWD/NHAI),Medium
mnrega ka paisa nahi mila Gram Kachhona mein,Rural Development (Panchayati Raj),High
"mobile phone snatched while walking in Hazratganj, Lucknow",Police (Home Dept),Medium
"public toilet tap is dripping in Hazratganj, Lucknow",Sanitation & Water (Jal Nigam/Nagar Nigam),Low
library books request for Mau Tehsil village school,Rural Development (Panchayati Raj),Low
traffic police asking for bribe at Village Chhata crossing,Police (Home Dept),Medium
pradhan embezzled all money for road construction in Gram Panchayat Bojhi,Rural Development (Panchayati Raj),High
bijli ka bill bahut jyada aaya hai Remote area of Sonbhadra mein,Electricity (UPPCL),Medium
"flood water entered village houses in Block Malihabad, need rescue",Rural Development (Panchayati Raj),High
"footpath tiles broken in some places at Civil Lines, Kanpur",Roads (PWD/NHAI),Low
pradhan embezzled all money for road construction in Remote area of Sonbhadra,Rural Development (Panchayati Raj),High
ladayi ho rahi hai Village Basrehar chourahe par,Police (Home Dept),High
"clean water nahi aa raha hai Block Malihabad mein, paani bohot ganda hai",Sanitation & Water (Jal Nigam/Nagar Nigam),High
"unhygienic toilets in the Gomti Nagar, Lucknow government hospital",Health (Medical),Medium
"ambulance nahi aa rahi Block Malihabad mein, patient serious hai",Health (Medical),High
doctor late aate hain Gram Panchayat Bojhi hospital mein,Health (Medical),Medium
fake medicine racket operating in Village Rampur medical stores,Health (Medical),High
doctor refused to treat critical patient in Etawah Main phc,Health (Medical),High
"primary school roof is leaking in Remote area of Sonbhadra, dangerous for kids",Rural Development (Panchayati Raj),Medium
talaab par kabza ho raha hai Block Malihabad gaon mein,Rural Development (Panchayati Raj),Medium
ganda paani nalo se aa raha hai Bareilly Cantt area me,Sanitation & Water (Jal Nigam/Nagar Nigam),High
frequent power cuts in Noida Sector 18 is affecting exam preparation,Electricity (UPPCL),Medium
mnrega ka paisa nahi mila Remote area of Sonbhadra mein,Rural Development (Panchayati Raj),High
general query about filing fir online for Ghaziabad resident,Police (Home Dept),Low
"ambulance nahi aa rahi Hazratganj, Lucknow mein, patient serious hai",Health (Medical),High
low voltage problem in Ghaziabad during evening hours,Electricity (UPPCL),Medium
garbage truck not coming to Remote area of Sonbhadra for last 3 days,Sanitation & Water (Jal Nigam/Nagar Nigam),Medium
poore gaon mein light nahi hai Agra Fort area mein pichle 2 din se,Electricity (UPPCL),High
handpump kharab hai Barabanki Town mein,Sanitation & Water (Jal Nigam/Nagar Nigam),Medium
phone chori ho gaya Mau Tehsil market me,Police (Home Dept),Medium
road construction incomplete in Village Rampur,Roads (PWD/NHAI),Medium
x-ray machine kharab hai Faizabad Chowk mein,Health (Medical),Medium
"traffic police asking for bribe at Sigra, Varanasi crossing",Police (Home Dept),Medium
potholes needs repair in Sitapur One before monsoon,Roads (PWD/NHAI),Medium
long waiting line for opd registration in Post Kakori,Health (Medical),Low
"clean water nahi aa raha hai Hazratganj, Lucknow mein, paani bohot ganda hai",Sanitation & Water (Jal Nigam/Nagar Nigam),High
"handpump kharab hai Sigra, Varanasi mein",Sanitation & Water (Jal Nigam/Nagar Nigam),Medium
"live wire fell on the street in Remote area of Sonbhadra, huge danger to kids",Electricity (UPPCL),High
"dogs roaming inside the ward at Gomti Nagar, Lucknow chc",Health (Medical),Medium
"sewage water mixing with drinking water in Civil Lines, Kanpur, kids falling sick",Sanitation & Water (Jal Nigam/Nagar Nigam),High
vaccine kab lagega Block Malihabad center par?,Health (Medical),Low
doctor late aate hain Gram Panchayat Bojhi hospital mein,Health (Medical),Medium
loudspeaker shor kar raha hai Unnao City mein raat ko,Police (Home Dept),Medium
"sadak par bada gadda hai Civil Lines, Kanpur market ke paas",Roads (PWD/NHAI),High
character certificate chahiye Bareilly Cantt police station se,Police (Home Dept),Low
"chori ho gayi hai Tehsil Bikapur mein, police bhejo",Police (Home Dept),High
"primary school roof is leaking in Gram Panchayat Bojhi, dangerous for kids",Rural Development (Panchayati Raj),Medium
"open manhole on main road in Post Kakori, heavy accident risk",Sanitation & Water (Jal Nigam/Nagar Nigam),High
"street light pole looking tilted in Gomti Nagar, Lucknow",Electricity (UPPCL),Low
"live wire fell on the street in Hardoi City, huge danger to kids",Electricity (UPPCL),High
mnrega ka paisa nahi mila Gram Panchayat Bojhi mein,Rural Development (Panchayati Raj),High
mnrega ka paisa nahi mila Tehsil Bikapur mein,Rural Development (Panchayati Raj),High
"Village Basrehar me transformer jal gaya hai, turant change karein",Electricity (UPPCL),High
"open manhole on main road in Noida Sector 18, heavy accident risk",Sanitation & Water (Jal Nigam/Nagar Nigam),High
"zebra crossing repaint kara do Civil Lines, Kanpur chowk par",Roads (PWD/NHAI),Low
internet nahi chal raha Post Kakori panchayat bhavan me,Rural Development (Panchayati Raj),Low
long waiting line for opd registration in Village Basrehar,Health (Medical),Low
sadak toot gayi hai Orai mein,Roads (PWD/NHAI),Medium
"bridge railing toot gayi hai Gomti Nagar, Lucknow mein",Roads (PWD/NHAI),High
"birth certificate spelling correction request at Civil Lines, Kanpur",Health (Medical),Low
doctor late aate hain Mau Tehsil hospital mein,Health (Medical),Medium
"meter name change application pending in Hazratganj, Lucknow",Electricity (UPPCL),Low
solar panel subsidy ki jankari chahiye Prayagraj City ke liye,Electricity (UPPCL),Low
village pond is being encroached by builder in Remote area of Sonbhadra,Rural Development (Panchayati Raj),Medium
pradhan embezzled all money for road construction in Village Chhata,Rural Development (Panchayati Raj),High
"clean water nahi aa raha hai Gomti Nagar, Lucknow mein, paani bohot ganda hai",Sanitation & Water (Jal Nigam/Nagar Nigam),High
"road caved in due to heavy rain in Prayagraj City, traffic blocked",Roads (PWD/NHAI),High
"fake medicine racket operating in Sigra, Varanasi medical stores",Health (Medical),High
huge crater in middle of road at Faizabad Chowk causing accidents daily,Roads (PWD/NHAI),High
"oxygen cylinder available nahi hai Civil Lines, Kanpur hospital me",Health (Medical),High
park needs cleaning in Gram Kachhona residential area,Sanitation & Water (Jal Nigam/Nagar Nigam),Low
doctor refused to treat critical patient in Prayagraj City phc,Health (Medical),High
solar panel subsidy ki jankari chahiye Meerut City ke liye,Electricity (UPPCL),Low
"birth certificate spelling correction request at Sigra, Varanasi",Health (Medical),Low
huge crater in middle of road at Prayagraj City causing accidents daily,Roads (PWD/NHAI),High
sadak toot gayi hai Remote area of Sonbhadra mein,Roads (PWD/NHAI),Medium
loudspeaker shor kar raha hai Mau Tehsil mein raat ko,Police (Home Dept),Medium
doctor refused to treat critical patient in Raebareli Market phc,Health (Medical),High
sadak toot gayi hai Remote area of Sonbhadra mein,Roads (PWD/NHAI),Medium
general query about filing fir online for Sitapur One resident,Police (Home Dept),Low
huge crater in middle of road at Gram Kachhona causing accidents daily,Roads (PWD/NHAI),High
"flood water entered village houses in Gram Kachhona, need rescue",Rural Development (Panchayati Raj),High
doctor late aate hain Tehsil Bikapur hospital mein,Health (Medical),Medium
long waiting line for opd registration in Gram Panchayat Bojhi,Health (Medical),Low
phone chori ho gaya Tehsil Bikapur market me,Police (Home Dept),Medium
long waiting line for opd registration in Hardoi City,Health (Medical),Low
meter reading galat hai Hardoi City wale ghar ki,Electricity (UPPCL),Medium
garbage truck not coming to Gram Kachhona for last 3 days,Sanitation & Water (Jal Nigam/Nagar Nigam),Medium
encroachment by shopkeepers on road in Ghaziabad,Roads (PWD/NHAI),Medium
low voltage problem in Village Rampur during evening hours,Electricity (UPPCL),Medium
"handpump kharab hai Gomti Nagar, Lucknow mein",Sanitation & Water (Jal Nigam/Nagar Nigam),Medium
internet nahi chal raha Village Rampur panchayat bhavan me,Rural Development (Panchayati Raj),Low
pradhan ne paisa kha liya Village Rampur road ka,Rural Development (Panchayati Raj),High
traffic police asking for bribe at Ghaziabad crossing,Police (Home Dept),Medium
kachra uthane vali gaadi nahi aayi Noida Sector 18 mein,Sanitation & Water (Jal Nigam/Nagar Nigam),Medium
ladayi ho rahi hai Gram Panchayat Bojhi chourahe par,Police (Home Dept),High
internet nahi chal raha Village Chhata panchayat bhavan me,Rural Development (Panchayati Raj),Low
road construction incomplete in Noida Sector 18,Roads (PWD/NHAI),Medium
need a sign board direction for Gonda City village,Roads (PWD/NHAI),Low
"birth certificate spelling correction request at Gomti Nagar, Lucknow",Health (Medical),Low
village pond is being encroached by builder in Village Chhata,Rural Development (Panchayati Raj),Medium
unhygienic toilets in the Basti government hospital,Health (Medical),Medium
talaab par kabza ho raha hai Block Malihabad gaon mein,Rural Development (Panchayati Raj),Medium
library books request for Remote area of Sonbhadra village school,Rural Development (Panchayati Raj),Low
ladayi ho rahi hai Block Malihabad chourahe par,Police (Home Dept),High
doctor refused to treat critical patient in Village Chhata phc,Health (Medical),High
street light pole looking tilted in Gram Panchayat Bojhi,Electricity (UPPCL),Low
encroachment by shopkeepers on road in Block Malihabad,Roads (PWD/NHAI),Medium
"kachra uthane vali gaadi nahi aayi Hazratganj, Lucknow mein",Sanitation & Water (Jal Nigam/Nagar Nigam),Medium
road construction incomplete in Tehsil Bikapur,Roads (PWD/NHAI),Medium
"potholes needs repair in Gomti Nagar, Lucknow before monsoon",Roads (PWD/NHAI),Medium
child kidnapped from Orai school area,Police (Home Dept),High
"chori ho gayi hai Gram Panchayat Bojhi mein, police bhejo",Police (Home Dept),High
birth certificate spelling correction request at Remote area of Sonbhadra,Health (Medical),Low
unhygienic toilets in the Barabanki Town government hospital,Health (Medical),Medium
bridge railing toot gayi hai Meerut City mein,Roads (PWD/NHAI),High
bijli ka bill bahut jyada aaya hai Basti mein,Electricity (UPPCL),Medium
village pond is being encroached by builder in Remote area of Sonbhadra,Rural Development (Panchayati Raj),Medium
kachra uthane vali gaadi nahi aayi Faizabad Chowk mein,Sanitation & Water (Jal Nigam/Nagar Nigam),Medium
"road caved in due to heavy rain in Faizabad Chowk, traffic blocked",Roads (PWD/NHAI),High
"sewage water mixing with drinking water in Basti, kids falling sick",Sanitation & Water (Jal Nigam/Nagar Nigam),High
library books request for Remote area of Sonbhadra village school,Rural Development (Panchayati Raj),Low
"meter reading galat hai Civil Lines, Kanpur wale ghar ki",Electricity (UPPCL),Medium
meter name change application pending in Basti,Electricity (UPPCL),Low
doctor refused to treat critical patient in Tehsil Bikapur phc,Health (Medical),High
"chori ho gayi hai Agra Fort area mein, police bhejo",Police (Home Dept),High
pradhan embezzled all money for road construction in Village Basrehar,Rural Development (Panchayati Raj),High
passport verification pending at Raebareli Market thana for 2 weeks,Police (Home Dept),Low
"zebra crossing repaint kara do Sigra, Varanasi chowk par",Roads (PWD/NHAI),Low
public toilet tap is dripping in Ghaziabad,Sanitation & Water (Jal Nigam/Nagar Nigam),Low
vaccine kab lagega Post Kakori center par?,Health (Medical),Low
potholes needs repair in Raebareli Market before monsoon,Roads (PWD/NHAI),Medium
passport verification pending at Block Malihabad thana for 2 weeks,Police (Home Dept),Low
internet nahi chal raha Post Kakori panchayat bhavan me,Rural Development (Panchayati Raj),Low
ladayi ho rahi hai Mau Tehsil chourahe par,Police (Home Dept),High
character certificate chahiye Block Malihabad police station se,Police (Home Dept),Low
street light pole looking tilted in Basti,Electricity (UPPCL),Low
general query about filing fir online for Village Rampur resident,Police (Home Dept),Low
"open manhole on main road in Hazratganj, Lucknow, heavy accident risk",Sanitation & Water (Jal Nigam/Nagar Nigam),High
"open manhole on main road in Orai, heavy accident risk",Sanitation & Water (Jal Nigam/Nagar Nigam),High
ganda paani nalo se aa raha hai Gram Kachhona area me,Sanitation & Water (Jal Nigam/Nagar Nigam),High
fake medicine racket operating in Gonda City medical stores,Health (Medical),High
oxygen cylinder available nahi hai Village Rampur hospital me,Health (Medical),High
"garbage truck not coming to Sigra, Varanasi for last 3 days",Sanitation & Water (Jal Nigam/Nagar Nigam),Medium
sadak par bada gadda hai Prayagraj City market ke paas,Roads (PWD/NHAI),High
fake medicine racket operating in Barabanki Town medical stores,Health (Medical),High
footpath tiles broken in some places at Ghaziabad,Roads (PWD/NHAI),Low
fake medicine racket operating in Village Chhata medical stores,Health (Medical),High
mobile phone snatched while walking in Post Kakori,Police (Home Dept),Medium
kachra uthane vali gaadi nahi aayi Gram Kachhona mein,Sanitation & Water (Jal Nigam/Nagar Nigam),Medium
general query about filing fir online for Gram Kachhona resident,Police (Home Dept),Low
vaccine kab lagega Etawah Main center par?,Health (Medical),Low
bijli ka bill bahut jyada aaya hai Gram Panchayat Bojhi mein,Electricity (UPPCL),Medium
child kidnapped from Prayagraj City school area,Police (Home Dept),High
ganda paani nalo se aa raha hai Ghaziabad area me,Sanitation & Water (Jal Nigam/Nagar Nigam),High
pradhan ne paisa kha liya Village Chhata road ka,Rural Development (Panchayati Raj),High
child kidnapped from Gram Kachhona school area,Police (Home Dept),High
zebra crossing repaint kara do Ghaziabad chowk par,Roads (PWD/NHAI),Low
doctor refused to treat critical patient in Prayagraj City phc,Health (Medical),High
"live wire fell on the street in Barabanki Town, huge danger to kids",Electricity (UPPCL),High
garbage truck not coming to Sitapur One for last 3 days,Sanitation & Water (Jal Nigam/Nagar Nigam),Medium
"road caved in due to heavy rain in Unnao City, traffic blocked",Roads (PWD/NHAI),High
library books request for Village Basrehar village school,Rural Development (Panchayati Raj),Low
village pond is being encroached by builder in Gram Kachhona,Rural Development (Panchayati Raj),Medium
public toilet tap is dripping in Mau Tehsil,Sanitation & Water (Jal Nigam/Nagar Nigam),Low
public toilet tap is dripping in Gonda City,Sanitation & Water (Jal Nigam/Nagar Nigam),Low
library books request for Village Basrehar village school,Rural Development (Panchayati Raj),Low
internet nahi chal raha Gram Panchayat Bojhi panchayat bhavan me,Rural Development (Panchayati Raj),Low
library books request for Gram Panchayat Bojhi village school,Rural Development (Panchayati Raj),Low
character certificate chahiye Gram Kachhona police station se,Police (Home Dept),Low
traffic police asking for bribe at Basti crossing,Police (Home Dept),Medium
vaccine kab lagega Sitapur One center par?,Health (Medical),Low
street light pole looking tilted in Barabanki Town,Electricity (UPPCL),Low
mnrega ka paisa nahi mila Post Kakori mein,Rural Development (Panchayati Raj),High
village pond is being encroached by builder in Block Malihabad,Rural Development (Panchayati Raj),Medium
"park needs cleaning in Civil Lines, Kanpur residential area",Sanitation & Water (Jal Nigam/Nagar Nigam),Low
vaccine kab lagega Block Malihabad center par?,Health (Medical),Low
"child kidnapped from Civil Lines, Kanpur school area",Police (Home Dept),High
ganda paani nalo se aa raha hai Village Basrehar area me,Sanitation & Water (Jal Nigam/Nagar Nigam),High
"road caved in due to heavy rain in Tehsil Bikapur, traffic blocked",Roads (PWD/NHAI),High
need a sign board direction for Raebareli Market village,Roads (PWD/NHAI),Low
meter name change application pending in Bareilly Cantt,Electricity (UPPCL),Low
encroachment by shopkeepers on road in Block Malihabad,Roads (PWD/NHAI),Medium
internet nahi chal raha Village Chhata panchayat bhavan me,Rural Development (Panchayati Raj),Low
child kidnapped from Hardoi City school area,Police (Home Dept),High
ganda paani nalo se aa raha hai Barabanki Town area me,Sanitation & Water (Jal Nigam/Nagar Nigam),High
character certificate chahiye Village Basrehar police station se,Police (Home Dept),Low
"road caved in due to heavy rain in Village Basrehar, traffic blocked",Roads (PWD/NHAI),High
handpump kharab hai Ghaziabad mein,Sanitation & Water (Jal Nigam/Nagar Nigam),Medium
character certificate chahiye Post Kakori police station se,Police (Home Dept),Low
ladayi ho rahi hai Agra Fort area chourahe par,Police (Home Dept),High
pradhan ne paisa kha liya Post Kakori road ka,Rural Development (Panchayati Raj),High
public toilet tap is dripping in Gram Kachhona,Sanitation & Water (Jal Nigam/Nagar Nigam),Low
park needs cleaning in Unnao City residential area,Sanitation & Water (Jal Nigam/Nagar Nigam),Low
meter reading galat hai Gram Panchayat Bojhi wale ghar ki,Electricity (UPPCL),Medium
passport verification pending at Etawah Main thana for 2 weeks,Police (Home Dept),Low
ladayi ho rahi hai Unnao City chourahe par,Police (Home Dept),High
pradhan ne paisa kha liya Tehsil Bikapur road ka,Rural Development (Panchayati Raj),High
talaab par kabza ho raha hai Village Rampur gaon mein,Rural Development (Panchayati Raj),Medium
request to start sewing center for women in Village Basrehar,Rural Development (Panchayati Raj),Low
low voltage problem in Gram Panchayat Bojhi during evening hours,Electricity (UPPCL),Medium
bridge railing toot gayi hai Sitapur One mein,Roads (PWD/NHAI),High
"ganda paani nalo se aa raha hai Hazratganj, Lucknow area me",Sanitation & Water (Jal Nigam/Nagar Nigam),High
child kidnapped from Basti school area,Police (Home Dept),High
traffic police asking for bribe at Ghaziabad crossing,Police (Home Dept),Medium
"open manhole on main road in Raebareli Market, heavy accident risk",Sanitation & Water (Jal Nigam/Nagar Nigam),High
bridge railing toot gayi hai Noida Sector 18 mein,Roads (PWD/NHAI),High
ladayi ho rahi hai Village Basrehar chourahe par,Police (Home Dept),High
"vaccine kab lagega Hazratganj, Lucknow center par?",Health (Medical),Low
library books request for Tehsil Bikapur village school,Rural Development (Panchayati Raj),Low
"ambulance nahi aa rahi Meerut City mein, patient serious hai",Health (Medical),High
"sewage water mixing with drinking water in Meerut City, kids falling sick",Sanitation & Water (Jal Nigam/Nagar Nigam),High
phone chori ho gaya Hardoi City market me,Police (Home Dept),Medium
bridge railing toot gayi hai Mau Tehsil mein,Roads (PWD/NHAI),High
ganda paani nalo se aa raha hai Gram Kachhona area me,Sanitation & Water (Jal Nigam/Nagar Nigam),High
vaccine kab lagega Village Basrehar center par?,Health (Medical),Low
" मच्छर बहुत हो गए हैं Sitapur One में, फॉगिंग करवाओ",Sanitation & Water (Jal Nigam/Nagar Nigam),Low
birth certificate spelling correction request at Sitapur One,Health (Medical),Low
water pipeline leakage wasting water in Sitapur One,Sanitation & Water (Jal Nigam/Nagar Nigam),Medium
mnrega ka paisa nahi mila Tehsil Bikapur mein,Rural Development (Panchayati Raj),High
long waiting line for opd registration in Remote area of Sonbhadra,Health (Medical),Low
footpath tiles broken in some places at Basti,Roads (PWD/NHAI),Low
low voltage problem in Noida Sector 18 during evening hours,Electricity (UPPCL),Medium
pradhan ne paisa kha liya Mau Tehsil road ka,Rural Development (Panchayati Raj),High
huge crater in middle of road at Prayagraj City causing accidents daily,Roads (PWD/NHAI),High
park needs cleaning in Gonda City residential area,Sanitation & Water (Jal Nigam/Nagar Nigam),Low
"live wire fell on the street in Gram Panchayat Bojhi, huge danger to kids",Electricity (UPPCL),High
pradhan ne paisa kha liya Block Malihabad road ka,Rural Development (Panchayati Raj),High
unhygienic toilets in the Hardoi City government hospital,Health (Medical),Medium
loudspeaker shor kar raha hai Faizabad Chowk mein raat ko,Police (Home Dept),Medium
doctor refused to treat critical patient in Hardoi City phc,Health (Medical),High
zebra crossing repaint kara do Gram Kachhona chowk par,Roads (PWD/NHAI),Low
zebra crossing repaint kara do Gonda City chowk par,Roads (PWD/NHAI),Low
"road construction incomplete in Civil Lines, Kanpur",Roads (PWD/NHAI),Medium
internet nahi chal raha Gram Kachhona panchayat bhavan me,Rural Development (Panchayati Raj),Low
doctor refused to treat critical patient in Basti phc,Health (Medical),High
request to start sewing center for women in Gram Kachhona,Rural Development (Panchayati Raj),Low
kachra uthane vali gaadi nahi aayi Agra Fort area mein,Sanitation & Water (Jal Nigam/Nagar Nigam),Medium
low voltage problem in Tehsil Bikapur during evening hours,Electricity (UPPCL),Medium
loudspeaker shor kar raha hai Village Basrehar mein raat ko,Police (Home Dept),Medium
"Mau Tehsil me transformer jal gaya hai, turant change karein",Electricity (UPPCL),High
"ambulance nahi aa rahi Village Basrehar mein, patient serious hai",Health (Medical),High
"open manhole on main road in Hazratganj, Lucknow, heavy accident risk",Sanitation & Water (Jal Nigam/Nagar Nigam),High
need a sign board direction for Block Malihabad village,Roads (PWD/NHAI),Low
"road caved in due to heavy rain in Etawah Main, traffic blocked",Roads (PWD/NHAI),High
long waiting line for opd registration in Noida Sector 18,Health (Medical),Low
library books request for Remote area of Sonbhadra village school,Rural Development (Panchayati Raj),Low
water pipeline leakage wasting water in Village Chhata,Sanitation & Water (Jal Nigam/Nagar Nigam),Medium
mnrega ka paisa nahi mila Tehsil Bikapur mein,Rural Development (Panchayati Raj),High
need a sign board direction for Barabanki Town village,Roads (PWD/NHAI),Low
phone chori ho gaya Gram Panchayat Bojhi market me,Police (Home Dept),Medium
meter reading galat hai Remote area of Sonbhadra wale ghar ki,Electricity (UPPCL),Medium
low voltage problem in Meerut City during evening hours,Electricity (UPPCL),Medium
ganda paani nalo se aa raha hai Barabanki Town area me,Sanitation & Water (Jal Nigam/Nagar Nigam),High
public toilet tap is dripping in Faizabad Chowk,Sanitation & Water (Jal Nigam/Nagar Nigam),Low
pradhan embezzled all money for road construction in Gram Panchayat Bojhi,Rural Development (Panchayati Raj),High
"primary school roof is leaking in Post Kakori, dangerous for kids",Rural Development (Panchayati Raj),Medium
"sewage water mixing with drinking water in Raebareli Market, kids falling sick",Sanitation & Water (Jal Nigam/Nagar Nigam),High
public toilet tap is dripping in Gonda City,Sanitation & Water (Jal Nigam/Nagar Nigam),Low
"sadak toot gayi hai Gomti Nagar, Lucknow mein",Roads (PWD/NHAI),Medium
"ambulance nahi aa rahi Gonda City mein, patient serious hai",Health (Medical),High
long waiting line for opd registration in Gonda City,Health (Medical),Low
transformer caught fire in Mau Tehsil and oil is leaking,Electricity (UPPCL),High
"live wire fell on the street in Agra Fort area, huge danger to kids",Electricity (UPPCL),High
x-ray machine kharab hai Block Malihabad mein,Health (Medical),Medium
library books request for Mau Tehsil village school,Rural Development (Panchayati Raj),Low
"live wire fell on the street in Agra Fort area, huge danger to kids",Electricity (UPPCL),High
garbage truck not coming to Agra Fort area for last 3 days,Sanitation & Water (Jal Nigam/Nagar Nigam),Medium
street light pole looking tilted in Ghaziabad,Electricity (UPPCL),Low
doctor refused to treat critical patient in Meerut City phc,Health (Medical),High
ladayi ho rahi hai Remote area of Sonbhadra chourahe par,Police (Home Dept),High
handpump kharab hai Agra Fort area mein,Sanitation & Water (Jal Nigam/Nagar Nigam),Medium
"character certificate chahiye Civil Lines, Kanpur police station se",Police (Home Dept),Low
bijli ka bill bahut jyada aaya hai Mau Tehsil mein,Electricity (UPPCL),Medium
"sewage water mixing with drinking water in Agra Fort area, kids falling sick",Sanitation & Water (Jal Nigam/Nagar Nigam),High
frequent power cuts in Tehsil Bikapur is affecting exam preparation,Electricity (UPPCL),Medium
internet nahi chal raha Block Malihabad panchayat bhavan me,Rural Development (Panchayati Raj),Low
"clean water nahi aa raha hai Unnao City mein, paani bohot ganda hai",Sanitation & Water (Jal Nigam/Nagar Nigam),High
sadak toot gayi hai Village Rampur mein,Roads (PWD/NHAI),Medium
"character certificate chahiye Hazratganj, Lucknow police station se",Police (Home Dept),Low
long waiting line for opd registration in Faizabad Chowk,Health (Medical),Low
"open manhole on main road in Hazratganj, Lucknow, heavy accident risk",Sanitation & Water (Jal Nigam/Nagar Nigam),High
stray cattle destroying crops in Village Basrehar farms,Rural Development (Panchayati Raj),Medium
x-ray machine kharab hai Block Malihabad mein,Health (Medical),Medium
"chori ho gayi hai Block Malihabad mein, police bhejo",Police (Home Dept),High
vaccine kab lagega Village Rampur center par?,Health (Medical),Low
meter reading galat hai Unnao City wale ghar ki,Electricity (UPPCL),Medium
long waiting line for opd registration in Tehsil Bikapur,Health (Medical),Low
poore gaon mein light nahi hai Hardoi City mein pichle 2 din se,Electricity (UPPCL),High
"ambulance nahi aa rahi Ghaziabad mein, patient serious hai",Health (Medical),High
general query about filing fir online for Unnao City resident,Police (Home Dept),Low
sadak par bada gadda hai Etawah Main market ke paas,Roads (PWD/NHAI),High
ganda paani nalo se aa raha hai Faizabad Chowk area me,Sanitation & Water (Jal Nigam/Nagar Nigam),High
birth certificate spelling correction request at Basti,Health (Medical),Low
"sewage water mixing with drinking water in Meerut City, kids falling sick",Sanitation & Water (Jal Nigam/Nagar Nigam),High
solar panel subsidy ki jankari chahiye Agra Fort area ke liye,Electricity (UPPCL),Low
"ambulance nahi aa rahi Etawah Main mein, patient serious hai",Health (Medical),High
internet nahi chal raha Post Kakori panchayat bhavan me,Rural Development (Panchayati Raj),Low
street light pole looking tilted in Gram Panchayat Bojhi,Electricity (UPPCL),Low
"road caved in due to heavy rain in Prayagraj City, traffic blocked",Roads (PWD/NHAI),High
"birth certificate spelling correction request at Hazratganj, Lucknow",Health (Medical),Low
"ambulance nahi aa rahi Gomti Nagar, Lucknow mein, patient serious hai",Health (Medical),High
"loudspeaker shor kar raha hai Hazratganj, Lucknow mein raat ko",Police (Home Dept),Medium
loudspeaker shor kar raha hai Hardoi City mein raat ko,Police (Home Dept),Medium
"water pipeline leakage wasting water in Civil Lines, Kanpur",Sanitation & Water (Jal Nigam/Nagar Nigam),Medium
stray cattle destroying crops in Mau Tehsil farms,Rural Development (Panchayati Raj),Medium
frequent power cuts in Faizabad Chowk is affecting exam preparation,Electricity (UPPCL),Medium
passport verification pending at Agra Fort area thana for 2 weeks,Police (Home Dept),Low
water pipeline leakage wasting water in Basti,Sanitation & Water (Jal Nigam/Nagar Nigam),Medium
general query about filing fir online for Village Chhata resident,Police (Home Dept),Low
"clean water nahi aa raha hai Noida Sector 18 mein, paani bohot ganda hai",Sanitation & Water (Jal Nigam/Nagar Nigam),High
potholes needs repair in Village Chhata before monsoon,Roads (PWD/NHAI),Medium
sadak par bada gadda hai Etawah Main market ke paas,Roads (PWD/NHAI),High
park needs cleaning in Gonda City residential area,Sanitation & Water (Jal Nigam/Nagar Nigam),Low
bijli ka bill bahut jyada aaya hai Remote area of Sonbhadra mein,Electricity (UPPCL),Medium
transformer caught fire in Bareilly Cantt and oil is leaking,Electricity (UPPCL),High
traffic police asking for bribe at Ghaziabad crossing,Police (Home Dept),Medium
"doctor late aate hain Sigra, Varanasi hospital mein",Health (Medical),Medium
stray cattle destroying crops in Mau Tehsil farms,Rural Development (Panchayati Raj),Medium
public toilet tap is dripping in Sitapur One,Sanitation & Water (Jal Nigam/Nagar Nigam),Low
traffic police asking for bribe at Faizabad Chowk crossing,Police (Home Dept),Medium
"sewage water mixing with drinking water in Gram Kachhona, kids falling sick",Sanitation & Water (Jal Nigam/Nagar Nigam),High
fake medicine racket operating in Gonda City medical stores,Health (Medical),High
garbage truck not coming to Agra Fort area for last 3 days,Sanitation & Water (Jal Nigam/Nagar Nigam),Medium
poore gaon mein light nahi hai Gonda City mein pichle 2 din se,Electricity (UPPCL),High
child kidnapped from Sitapur One school area,Police (Home Dept),High
bridge railing toot gayi hai Agra Fort area mein,Roads (PWD/NHAI),High
zebra crossing repaint kara do Basti chowk par,Roads (PWD/NHAI),Low
public toilet tap is dripping in Gram Kachhona,Sanitation & Water (Jal Nigam/Nagar Nigam),Low
doctor refused to treat critical patient in Noida Sector 18 phc,Health (Medical),High
character certificate chahiye Etawah Main police station se,Police (Home Dept),Low
ganda paani nalo se aa raha hai Village Chhata area me,Sanitation & Water (Jal Nigam/Nagar Nigam),High
"character certificate chahiye Sigra, Varanasi police station se",Police (Home Dept),Low
water pipeline leakage wasting water in Prayagraj City,Sanitation & Water (Jal Nigam/Nagar Nigam),Medium
internet nahi chal raha Post Kakori panchayat bhavan me,Rural Development (Panchayati Raj),Low
"primary school roof is leaking in Tehsil Bikapur, dangerous for kids",Rural Development (Panchayati Raj),Medium
"flood water entered village houses in Tehsil Bikapur, need rescue",Rural Development (Panchayati Raj),High
encroachment by shopkeepers on road in Village Basrehar,Roads (PWD/NHAI),Medium
"open manhole on main road in Agra Fort area, heavy accident risk",Sanitation & Water (Jal Nigam/Nagar Nigam),High
pradhan embezzled all money for road construction in Village Chhata,Rural Development (Panchayati Raj),High
"live wire fell on the street in Ghaziabad, huge danger to kids",Electricity (UPPCL),High
"live wire fell on the street in Village Chhata, huge danger to kids",Electricity (UPPCL),High
"x-ray machine kharab hai Sigra, Varanasi mein",Health (Medical),Medium
ladayi ho rahi hai Prayagraj City chourahe par,Police (Home Dept),High
zebra crossing repaint kara do Village Chhata chowk par,Roads (PWD/NHAI),Low
transformer caught fire in Gram Kachhona and oil is leaking,Electricity (UPPCL),High
encroachment by shopkeepers on road in Bareilly Cantt,Roads (PWD/NHAI),Medium
"sewage water mixing with drinking water in Agra Fort area, kids falling sick",Sanitation & Water (Jal Nigam/Nagar Nigam),High
"ambulance nahi aa rahi Gram Panchayat Bojhi mein, patient serious hai",Health (Medical),High
mobile phone snatched while walking in Sitapur One,Police (Home Dept),Medium
"street light pole looking tilted in Hazratganj, Lucknow",Electricity (UPPCL),Low
library books request for Gram Panchayat Bojhi village school,Rural Development (Panchayati Raj),Low
solar panel subsidy ki jankari chahiye Gram Panchayat Bojhi ke liye,Electricity (UPPCL),Low
x-ray machine kharab hai Hardoi City mein,Health (Medical),Medium
"flood water entered village houses in Post Kakori, need rescue",Rural Development (Panchayati Raj),High
doctor refused to treat critical patient in Gram Panchayat Bojhi phc,Health (Medical),High
road construction incomplete in Prayagraj City,Roads (PWD/NHAI),Medium
"clean water nahi aa raha hai Gram Kachhona mein, paani bohot ganda hai",Sanitation & Water (Jal Nigam/Nagar Nigam),High
zebra crossing repaint kara do Village Basrehar chowk par,Roads (PWD/NHAI),Low
zebra crossing repaint kara do Block Malihabad chowk par,Roads (PWD/NHAI),Low
"ambulance nahi aa rahi Agra Fort area mein, patient serious hai",Health (Medical),High
loudspeaker shor kar raha hai Meerut City mein raat ko,Police (Home Dept),Medium
street light pole looking tilted in Block Malihabad,Electricity (UPPCL),Low
potholes needs repair in Unnao City before monsoon,Roads (PWD/NHAI),Medium
doctor late aate hain Faizabad Chowk hospital mein,Health (Medical),Medium
garbage truck not coming to Sitapur One for last 3 days,Sanitation & Water (Jal Nigam/Nagar Nigam),Medium
encroachment by shopkeepers on road in Village Chhata,Roads (PWD/NHAI),Medium
solar panel subsidy ki jankari chahiye Post Kakori ke liye,Electricity (UPPCL),Low
armed robbery in shop at Faizabad Chowk market last night,Police (Home Dept),High
talaab par kabza ho raha hai Mau Tehsil gaon mein,Rural Development (Panchayati Raj),Medium
handpump kharab hai Mau Tehsil mein,Sanitation & Water (Jal Nigam/Nagar Nigam),Medium
street light pole looking tilted in Hardoi City,Electricity (UPPCL),Low
stray cattle destroying crops in Block Malihabad farms,Rural Development (Panchayati Raj),Medium
potholes needs repair in Mau Tehsil before monsoon,Roads (PWD/NHAI),Medium
sadak par bada gadda hai Basti market ke paas,Roads (PWD/NHAI),High
ladayi ho rahi hai Etawah Main chourahe par,Police (Home Dept),High
encroachment by shopkeepers on road in Meerut City,Roads (PWD/NHAI),Medium
"road caved in due to heavy rain in Gonda City, traffic blocked",Roads (PWD/NHAI),High
frequent power cuts in Ghaziabad is affecting exam preparation,Electricity (UPPCL),Medium
"meter name change application pending in Civil Lines, Kanpur",Electricity (UPPCL),Low
"sadak par bada gadda hai Gomti Nagar, Lucknow market ke paas",Roads (PWD/NHAI),High
"potholes needs repair in Hazratganj, Lucknow before monsoon",Roads (PWD/NHAI),Medium
village pond is being encroached by builder in Village Rampur,Rural Development (Panchayati Raj),Medium
"Basti me transformer jal gaya hai, turant change karein",Electricity (UPPCL),High
dogs roaming inside the ward at Ghaziabad chc,Health (Medical),Medium
request to start sewing center for women in Block Malihabad,Rural Development (Panchayati Raj),Low
street light pole looking tilted in Village Chhata,Electricity (UPPCL),Low
pradhan embezzled all money for road construction in Gram Panchayat Bojhi,Rural Development (Panchayati Raj),High
meter name change application pending in Gram Kachhona,Electricity (UPPCL),Low
library books request for Village Chhata village school,Rural Development (Panchayati Raj),Low
huge crater in middle of road at Faizabad Chowk causing accidents daily,Roads (PWD/NHAI),High
general query about filing fir online for Remote area of Sonbhadra resident,Police (Home Dept),Low
solar panel subsidy ki jankari chahiye Ghaziabad ke liye,Electricity (UPPCL),Low
passport verification pending at Gram Kachhona thana for 2 weeks,Police (Home Dept),Low
road construction incomplete in Basti,Roads (PWD/NHAI),Medium
park needs cleaning in Basti residential area,Sanitation & Water (Jal Nigam/Nagar Nigam),Low
park needs cleaning in Prayagraj City residential area,Sanitation & Water (Jal Nigam/Nagar Nigam),Low
"primary school roof is leaking in Village Basrehar, dangerous for kids",Rural Development (Panchayati Raj),Medium
"clean water nahi aa raha hai Agra Fort area mein, paani bohot ganda hai",Sanitation & Water (Jal Nigam/Nagar Nigam),High
phone chori ho gaya Bareilly Cantt market me,Police (Home Dept),Medium
transformer caught fire in Block Malihabad and oil is leaking,Electricity (UPPCL),High
street light pole looking tilted in Raebareli Market,Electricity (UPPCL),Low
oxygen cylinder available nahi hai Noida Sector 18 hospital me,Health (Medical),High
"ambulance nahi aa rahi Agra Fort area mein, patient serious hai",Health (Medical),High
dogs roaming inside the ward at Basti chc,Health (Medical),Medium
handpump kharab hai Sitapur One mein,Sanitation & Water (Jal Nigam/Nagar Nigam),Medium
transformer caught fire in Meerut City and oil is leaking,Electricity (UPPCL),High
library books request for Village Basrehar village school,Rural Development (Panchayati Raj),Low
"live wire fell on the street in Gram Kachhona, huge danger to kids",Electricity (UPPCL),High
bridge railing toot gayi hai Village Chhata mein,Roads (PWD/NHAI),High
long waiting line for opd registration in Village Basrehar,Health (Medical),Low
handpump kharab hai Remote area of Sonbhadra mein,Sanitation & Water (Jal Nigam/Nagar Nigam),Medium
frequent power cuts in Unnao City is affecting exam preparation,Electricity (UPPCL),Medium
library books request for Village Basrehar village school,Rural Development (Panchayati Raj),Low
"chori ho gayi hai Post Kakori mein, police bhejo",Police (Home Dept),High
fake medicine racket operating in Mau Tehsil medical stores,Health (Medical),High
"road caved in due to heavy rain in Remote area of Sonbhadra, traffic blocked",Roads (PWD/NHAI),High
solar panel subsidy ki jankari chahiye Remote area of Sonbhadra ke liye,Electricity (UPPCL),Low
sadak par bada gadda hai Orai market ke paas,Roads (PWD/NHAI),High
huge crater in middle of road at Faizabad Chowk causing accidents daily,Roads (PWD/NHAI),High
"flood water entered village houses in Tehsil Bikapur, need rescue",Rural Development (Panchayati Raj),High
"park needs cleaning in Hazratganj, Lucknow residential area",Sanitation & Water (Jal Nigam/Nagar Nigam),Low
footpath tiles broken in some places at Prayagraj City,Roads (PWD/NHAI),Low
internet nahi chal raha Mau Tehsil panchayat bhavan me,Rural Development (Panchayati Raj),Low
general query about filing fir online for Basti resident,Police (Home Dept),Low
"live wire fell on the street in Village Rampur, huge danger to kids",Electricity (UPPCL),High
character certificate chahiye Faizabad Chowk police station se,Police (Home Dept),Low
character certificate chahiye Sitapur One police station se,Police (Home Dept),Low
"garbage truck not coming to Civil Lines, Kanpur for last 3 days",Sanitation & Water (Jal Nigam/Nagar Nigam),Medium
public toilet tap is dripping in Gonda City,Sanitation & Water (Jal Nigam/Nagar Nigam),Low
armed robbery in shop at Mau Tehsil market last night,Police (Home Dept),High
pradhan embezzled all money for road construction in Village Chhata,Rural Development (Panchayati Raj),High
ladayi ho rahi hai Hardoi City chourahe par,Police (Home Dept),High
talaab par kabza ho raha hai Village Rampur gaon mein,Rural Development (Panchayati Raj),Medium
"primary school roof is leaking in Gram Kachhona, dangerous for kids",Rural Development (Panchayati Raj),Medium
oxygen cylinder available nahi hai Village Rampur hospital me,Health (Medical),High
armed robbery in shop at Prayagraj City market last night,Police (Home Dept),High
loudspeaker shor kar raha hai Hardoi City mein raat ko,Police (Home Dept),Medium
road construction incomplete in Block Malihabad,Roads (PWD/NHAI),Medium
long waiting line for opd registration in Orai,Health (Medical),Low
pradhan ne paisa kha liya Mau Tehsil road ka,Rural Development (Panchayati Raj),High
dogs roaming inside the ward at Village Basrehar chc,Health (Medical),Medium
sadak par bada gadda hai Village Chhata market ke paas,Roads (PWD/NHAI),High
ladayi ho rahi hai Meerut City chourahe par,Police (Home Dept),High
passport verification pending at Prayagraj City thana for 2 weeks,Police (Home Dept),Low
meter name change application pending in Village Rampur,Electricity (UPPCL),Low
road construction incomplete in Agra Fort area,Roads (PWD/NHAI),Medium
" मच्छर बहुत हो गए हैं Faizabad Chowk में, फॉगिंग करवाओ",Sanitation & Water (Jal Nigam/Nagar Nigam),Low
potholes needs repair in Tehsil Bikapur before monsoon,Roads (PWD/NHAI),Medium
footpath tiles broken in some places at Bareilly Cantt,Roads (PWD/NHAI),Low
internet nahi chal raha Block Malihabad panchayat bhavan me,Rural Development (Panchayati Raj),Low
sadak par bada gadda hai Sitapur One market ke paas,Roads (PWD/NHAI),High
kachra uthane vali gaadi nahi aayi Faizabad Chowk mein,Sanitation & Water (Jal Nigam/Nagar Nigam),Medium
"passport verification pending at Gomti Nagar, Lucknow thana for 2 weeks",Police (Home Dept),Low
traffic police asking for bribe at Gonda City crossing,Police (Home Dept),Medium
"clean water nahi aa raha hai Gram Panchayat Bojhi mein, paani bohot ganda hai",Sanitation & Water (Jal Nigam/Nagar Nigam),High
"live wire fell on the street in Meerut City, huge danger to kids",Electricity (UPPCL),High
"live wire fell on the street in Mau Tehsil, huge danger to kids",Electricity (UPPCL),High
"sewage water mixing with drinking water in Village Rampur, kids falling sick",Sanitation & Water (Jal Nigam/Nagar Nigam),High
mobile phone snatched while walking in Gram Kachhona,Police (Home Dept),Medium
street light pole looking tilted in Post Kakori,Electricity (UPPCL),Low
mnrega ka paisa nahi mila Gram Panchayat Bojhi mein,Rural Development (Panchayati Raj),High
"road caved in due to heavy rain in Meerut City, traffic blocked",Roads (PWD/NHAI),High
request to start sewing center for women in Village Basrehar,Rural Development (Panchayati Raj),Low
"sewage water mixing with drinking water in Village Basrehar, kids falling sick",Sanitation & Water (Jal Nigam/Nagar Nigam),High
"bijli ka bill bahut jyada aaya hai Civil Lines, Kanpur mein",Electricity (UPPCL),Medium
road construction incomplete in Hardoi City,Roads (PWD/NHAI),Medium
"open manhole on main road in Noida Sector 18, heavy accident risk",Sanitation & Water (Jal Nigam/Nagar Nigam),High
need a sign board direction for Hardoi City village,Roads (PWD/NHAI),Low
mobile phone snatched while walking in Hardoi City,Police (Home Dept),Medium
"flood water entered village houses in Tehsil Bikapur, need rescue",Rural Development (Panchayati Raj),High
"open manhole on main road in Village Chhata, heavy accident risk",Sanitation & Water (Jal Nigam/Nagar Nigam),High
" मच्छर बहुत हो गए हैं Village Basrehar में, फॉगिंग करवाओ",Sanitation & Water (Jal Nigam/Nagar Nigam),Low
character certificate chahiye Barabanki Town police station se,Police (Home Dept),Low
character certificate chahiye Prayagraj City police station se,Police (Home Dept),Low
need a sign board direction for Basti village,Roads (PWD/NHAI),Low
ganda paani nalo se aa raha hai Unnao City area me,Sanitation & Water (Jal Nigam/Nagar Nigam),High
dogs roaming inside the ward at Gram Kachhona chc,Health (Medical),Medium
footpath tiles broken in some places at Post Kakori,Roads (PWD/NHAI),Low
library books request for Tehsil Bikapur village school,Rural Development (Panchayati Raj),Low
general query about filing fir online for Orai resident,Police (Home Dept),Low
character certificate chahiye Agra Fort area police station se,Police (Home Dept),Low
dogs roaming inside the ward at Prayagraj City chc,Health (Medical),Medium
water pipeline leakage wasting water in Basti,Sanitation & Water (Jal Nigam/Nagar Nigam),Medium
"chori ho gayi hai Basti mein, police bhejo",Police (Home Dept),High
birth certificate spelling correction request at Unnao City,Health (Medical),Low
"chori ho gayi hai Meerut City mein, police bhejo",Police (Home Dept),High
kachra uthane vali gaadi nahi aayi Meerut City mein,Sanitation & Water (Jal Nigam/Nagar Nigam),Medium
need a sign board direction for Noida Sector 18 village,Roads (PWD/NHAI),Low
loudspeaker shor kar raha hai Village Rampur mein raat ko,Police (Home Dept),Medium
road construction incomplete in Village Basrehar,Roads (PWD/NHAI),Medium
x-ray machine kharab hai Tehsil Bikapur mein,Health (Medical),Medium
footpath tiles broken in some places at Sitapur One,Roads (PWD/NHAI),Low
sadak par bada gadda hai Tehsil Bikapur market ke paas,Roads (PWD/NHAI),High
pradhan embezzled all money for road construction in Village Chhata,Rural Development (Panchayati Raj),High
phone chori ho gaya Village Basrehar market me,Police (Home Dept),Medium
passport verification pending at Village Chhata thana for 2 weeks,Police (Home Dept),Low
huge crater in middle of road at Village Rampur causing accidents daily,Roads (PWD/NHAI),High
phone chori ho gaya Village Chhata market me,Police (Home Dept),Medium
transformer caught fire in Unnao City and oil is leaking,Electricity (UPPCL),High
" मच्छर बहुत हो गए हैं Sigra, Varanasi में, फॉगिंग करवाओ",Sanitation & Water (Jal Nigam/Nagar Nigam),Low
garbage truck not coming to Tehsil Bikapur for last 3 days,Sanitation & Water (Jal Nigam/Nagar Nigam),Medium
x-ray machine kharab hai Barabanki Town mein,Health (Medical),Medium
street light pole looking tilted in Bareilly Cantt,Electricity (UPPCL),Low
"doctor late aate hain Sigra, Varanasi hospital mein",Health (Medical),Medium
talaab par kabza ho raha hai Gram Kachhona gaon mein,Rural Development (Panchayati Raj),Medium
oxygen cylinder available nahi hai Gram Kachhona hospital me,Health (Medical),High
"Hazratganj, Lucknow me transformer jal gaya hai, turant change karein",Electricity (UPPCL),High
public toilet tap is dripping in Meerut City,Sanitation & Water (Jal Nigam/Nagar Nigam),Low
park needs cleaning in Post Kakori residential area,Sanitation & Water (Jal Nigam/Nagar Nigam),Low
street light pole looking tilted in Post Kakori,Electricity (UPPCL),Low
passport verification pending at Ghaziabad thana for 2 weeks,Police (Home Dept),Low
"bridge railing toot gayi hai Sigra, Varanasi mein",Roads (PWD/NHAI),High
phone chori ho gaya Hardoi City market me,Police (Home Dept),Medium
talaab par kabza ho raha hai Tehsil Bikapur gaon mein,Rural Development (Panchayati Raj),Medium
request to start sewing center for women in Gram Panchayat Bojhi,Rural Development (Panchayati Raj),Low
public toilet tap is dripping in Raebareli Market,Sanitation & Water (Jal Nigam/Nagar Nigam),Low
"flood water entered village houses in Gram Panchayat Bojhi, need rescue",Rural Development (Panchayati Raj),High
road construction incomplete in Agra Fort area,Roads (PWD/NHAI),Medium
character certificate chahiye Gonda City police station se,Police (Home Dept),Low
"road construction incomplete in Sigra, Varanasi",Roads (PWD/NHAI),Medium
street light pole looking tilted in Unnao City,Electricity (UPPCL),Low
garbage truck not coming to Gonda City for last 3 days,Sanitation & Water (Jal Nigam/Nagar Nigam),Medium
"doctor refused to treat critical patient in Civil Lines, Kanpur phc",Health (Medical),High
doctor late aate hain Unnao City hospital mein,Health (Medical),Medium
passport verification pending at Bareilly Cantt thana for 2 weeks,Police (Home Dept),Low
traffic police asking for bribe at Village Rampur crossing,Police (Home Dept),Medium
"bijli ka bill bahut jyada aaya hai Civil Lines, Kanpur mein",Electricity (UPPCL),Medium
sadak toot gayi hai Etawah Main mein,Roads (PWD/NHAI),Medium
park needs cleaning in Village Basrehar residential area,Sanitation & Water (Jal Nigam/Nagar Nigam),Low
solar panel subsidy ki jankari chahiye Ghaziabad ke liye,Electricity (UPPCL),Low
encroachment by shopkeepers on road in Post Kakori,Roads (PWD/NHAI),Medium
huge crater in middle of road at Barabanki Town causing accidents daily,Roads (PWD/NHAI),High
library books request for Tehsil Bikapur village school,Rural Development (Panchayati Raj),Low
" मच्छर बहुत हो गए हैं Agra Fort area में, फॉगिंग करवाओ",Sanitation & Water (Jal Nigam/Nagar Nigam),Low
"Hardoi City me transformer jal gaya hai, turant change karein",Electricity (UPPCL),High
road construction incomplete in Raebareli Market,Roads (PWD/NHAI),Medium
"Civil Lines, Kanpur me transformer jal gaya hai, turant change karein",Electricity (UPPCL),High
transformer caught fire in Gram Panchayat Bojhi and oil is leaking,Electricity (UPPCL),High
"ambulance nahi aa rahi Gram Panchayat Bojhi mein, patient serious hai",Health (Medical),High
"primary school roof is leaking in Tehsil Bikapur, dangerous for kids",Rural Development (Panchayati Raj),Medium
footpath tiles broken in some places at Agra Fort area,Roads (PWD/NHAI),Low
public toilet tap is dripping in Unnao City,Sanitation & Water (Jal Nigam/Nagar Nigam),Low
talaab par kabza ho raha hai Tehsil Bikapur gaon mein,Rural Development (Panchayati Raj),Medium
"chori ho gayi hai Barabanki Town mein, police bhejo",Police (Home Dept),High
birth certificate spelling correction request at Gram Kachhona,Health (Medical),Low
"solar panel subsidy ki jankari chahiye Civil Lines, Kanpur ke liye",Electricity (UPPCL),Low
" मच्छर बहुत हो गए हैं Sitapur One में, फॉगिंग करवाओ",Sanitation & Water (Jal Nigam/Nagar Nigam),Low
street light pole looking tilted in Tehsil Bikapur,Electricity (UPPCL),Low
"sadak toot gayi hai Hazratganj, Lucknow mein",Roads (PWD/NHAI),Medium
general query about filing fir online for Noida Sector 18 resident,Police (Home Dept),Low
x-ray machine kharab hai Village Rampur mein,Health (Medical),Medium
library books request for Remote area of Sonbhadra village school,Rural Development (Panchayati Raj),Low
loudspeaker shor kar raha hai Faizabad Chowk mein raat ko,Police (Home Dept),Medium
"ambulance nahi aa rahi Unnao City mein, patient serious hai",Health (Medical),High
passport verification pending at Gonda City thana for 2 weeks,Police (Home Dept),Low
long waiting line for opd registration in Meerut City,Health (Medical),Low
"ambulance nahi aa rahi Basti mein, patient serious hai",Health (Medical),High
kachra uthane vali gaadi nahi aayi Village Rampur mein,Sanitation & Water (Jal Nigam/Nagar Nigam),Medium
"huge crater in middle of road at Sigra, Varanasi causing accidents daily",Roads (PWD/NHAI),High
park needs cleaning in Etawah Main residential area,Sanitation & Water (Jal Nigam/Nagar Nigam),Low
"road caved in due to heavy rain in Tehsil Bikapur, traffic blocked",Roads (PWD/NHAI),High
passport verification pending at Orai thana for 2 weeks,Police (Home Dept),Low
loudspeaker shor kar raha hai Prayagraj City mein raat ko,Police (Home Dept),Medium
footpath tiles broken in some places at Barabanki Town,Roads (PWD/NHAI),Low
transformer caught fire in Ghaziabad and oil is leaking,Electricity (UPPCL),High
birth certificate spelling correction request at Village Rampur,Health (Medical),Low
doctor refused to treat critical patient in Noida Sector 18 phc,Health (Medical),High
bijli ka bill bahut jyada aaya hai Block Malihabad mein,Electricity (UPPCL),Medium
frequent power cuts in Faizabad Chowk is affecting exam preparation,Electricity (UPPCL),Medium
stray cattle destroying crops in Village Chhata farms,Rural Development (Panchayati Raj),Medium
pradhan embezzled all money for road construction in Post Kakori,Rural Development (Panchayati Raj),High
"sewage water mixing with drinking water in Mau Tehsil, kids falling sick",Sanitation & Water (Jal Nigam/Nagar Nigam),High
"long waiting line for opd registration in Sigra, Varanasi",Health (Medical),Low
meter reading galat hai Village Chhata wale ghar ki,Electricity (UPPCL),Medium
"flood water entered village houses in Village Rampur, need rescue",Rural Development (Panchayati Raj),High
pradhan embezzled all money for road construction in Mau Tehsil,Rural Development (Panchayati Raj),High
road construction incomplete in Village Basrehar,Roads (PWD/NHAI),Medium
public toilet tap is dripping in Sitapur One,Sanitation & Water (Jal Nigam/Nagar Nigam),Low
pradhan ne paisa kha liya Gram Kachhona road ka,Rural Development (Panchayati Raj),High
"flood water entered village houses in Mau Tehsil, need rescue",Rural Development (Panchayati Raj),High
"live wire fell on the street in Faizabad Chowk, huge danger to kids",Electricity (UPPCL),High
"transformer caught fire in Hazratganj, Lucknow and oil is leaking",Electricity (UPPCL),High
stray cattle destroying crops in Village Basrehar farms,Rural Development (Panchayati Raj),Medium
public toilet tap is dripping in Post Kakori,Sanitation & Water (Jal Nigam/Nagar Nigam),Low
" मच्छर बहुत हो गए हैं Bareilly Cantt में, फॉगिंग करवाओ",Sanitation & Water (Jal Nigam/Nagar Nigam),Low
traffic police asking for bribe at Village Rampur crossing,Police (Home Dept),Medium
" मच्छर बहुत हो गए हैं Etawah Main में, फॉगिंग करवाओ",Sanitation & Water (Jal Nigam/Nagar Nigam),Low
"low voltage problem in Gomti Nagar, Lucknow during evening hours",Electricity (UPPCL),Medium
"live wire fell on the street in Meerut City, huge danger to kids",Electricity (UPPCL),High
"character certificate chahiye Sigra, Varanasi police station se",Police (Home Dept),Low
vaccine kab lagega Raebareli Market center par?,Health (Medical),Low
doctor late aate hain Gram Kachhona hospital mein,Health (Medical),Medium
character certificate chahiye Village Chhata police station se,Police (Home Dept),Low
need a sign board direction for Orai village,Roads (PWD/NHAI),Low
street light pole looking tilted in Remote area of Sonbhadra,Electricity (UPPCL),Low
phone chori ho gaya Village Rampur market me,Police (Home Dept),Medium
solar panel subsidy ki jankari chahiye Gonda City ke liye,Electricity (UPPCL),Low
pradhan ne paisa kha liya Gram Panchayat Bojhi road ka,Rural Development (Panchayati Raj),High
x-ray machine kharab hai Gram Panchayat Bojhi mein,Health (Medical),Medium
child kidnapped from Meerut City school area,Police (Home Dept),High
"sewage water mixing with drinking water in Tehsil Bikapur, kids falling sick",Sanitation & Water (Jal Nigam/Nagar Nigam),High
"chori ho gayi hai Remote area of Sonbhadra mein, police bhejo",Police (Home Dept),High
frequent power cuts in Sitapur One is affecting exam preparation,Electricity (UPPCL),Medium
phone chori ho gaya Block Malihabad market me,Police (Home Dept),Medium
kachra uthane vali gaadi nahi aayi Remote area of Sonbhadra mein,Sanitation & Water (Jal Nigam/Nagar Nigam),Medium
"chori ho gayi hai Basti mein, police bhejo",Police (Home Dept),High
"open manhole on main road in Raebareli Market, heavy accident risk",Sanitation & Water (Jal Nigam/Nagar Nigam),High
transformer caught fire in Prayagraj City and oil is leaking,Electricity (UPPCL),High
oxygen cylinder available nahi hai Mau Tehsil hospital me,Health (Medical),High
village pond is being encroached by builder in Village Rampur,Rural Development (Panchayati Raj),Medium
doctor refused to treat critical patient in Noida Sector 18 phc,Health (Medical),High
need a sign board direction for Village Basrehar village,Roads (PWD/NHAI),Low
bijli ka bill bahut jyada aaya hai Bareilly Cantt mein,Electricity (UPPCL),Medium
internet nahi chal raha Village Rampur panchayat bhavan me,Rural Development (Panchayati Raj),Low
"Tehsil Bikapur me transformer jal gaya hai, turant change karein",Electricity (UPPCL),High
potholes needs repair in Gonda City before monsoon,Roads (PWD/NHAI),Medium
"potholes needs repair in Gomti Nagar, Lucknow before monsoon",Roads (PWD/NHAI),Medium
street light pole looking tilted in Raebareli Market,Electricity (UPPCL),Low
footpath tiles broken in some places at Village Chhata,Roads (PWD/NHAI),Low
low voltage problem in Barabanki Town during evening hours,Electricity (UPPCL),Medium
traffic police asking for bribe at Remote area of Sonbhadra crossing,Police (Home Dept),Medium
"encroachment by shopkeepers on road in Civil Lines, Kanpur",Roads (PWD/NHAI),Medium
pradhan embezzled all money for road construction in Mau Tehsil,Rural Development (Panchayati Raj),High
"Civil Lines, Kanpur me transformer jal gaya hai, turant change karein",Electricity (UPPCL),High
library books request for Remote area of Sonbhadra village school,Rural Development (Panchayati Raj),Low
footpath tiles broken in some places at Basti,Roads (PWD/NHAI),Low
vaccine kab lagega Bareilly Cantt center par?,Health (Medical),Low
street light pole looking tilted in Orai,Electricity (UPPCL),Low
" मच्छर बहुत हो गए हैं Gram Panchayat Bojhi में, फॉगिंग करवाओ",Sanitation & Water (Jal Nigam/Nagar Nigam),Low
internet nahi chal raha Gram Kachhona panchayat bhavan me,Rural Development (Panchayati Raj),Low
loudspeaker shor kar raha hai Gonda City mein raat ko,Police (Home Dept),Medium
x-ray machine kharab hai Post Kakori mein,Health (Medical),Medium
street light pole looking tilted in Village Rampur,Electricity (UPPCL),Low
ganda paani nalo se aa raha hai Gonda City area me,Sanitation & Water (Jal Nigam/Nagar Nigam),High
long waiting line for opd registration in Village Chhata,Health (Medical),Low
"primary school roof is leaking in Block Malihabad, dangerous for kids",Rural Development (Panchayati Raj),Medium
"road construction incomplete in Gomti Nagar, Lucknow",Roads (PWD/NHAI),Medium
fake medicine racket operating in Bareilly Cantt medical stores,Health (Medical),High
garbage truck not coming to Faizabad Chowk for last 3 days,Sanitation & Water (Jal Nigam/Nagar Nigam),Medium
"poore gaon mein light nahi hai Sigra, Varanasi mein pichle 2 din se",Electricity (UPPCL),High
dogs roaming inside the ward at Agra Fort area chc,Health (Medical),Medium
doctor refused to treat critical patient in Gonda City phc,Health (Medical),High
loudspeaker shor kar raha hai Faizabad Chowk mein raat ko,Police (Home Dept),Medium
fake medicine racket operating in Agra Fort area medical stores,Health (Medical),High
footpath tiles broken in some places at Prayagraj City,Roads (PWD/NHAI),Low
low voltage problem in Raebareli Market during evening hours,Electricity (UPPCL),Medium
solar panel subsidy ki jankari chahiye Noida Sector 18 ke liye,Electricity (UPPCL),Low
"park needs cleaning in Civil Lines, Kanpur residential area",Sanitation & Water (Jal Nigam/Nagar Nigam),Low
fake medicine racket operating in Meerut City medical stores,Health (Medical),High
low voltage problem in Block Malihabad during evening hours,Electricity (UPPCL),Medium
"phone chori ho gaya Sigra, Varanasi market me",Police (Home Dept),Medium
street light pole looking tilted in Raebareli Market,Electricity (UPPCL),Low
internet nahi chal raha Mau Tehsil panchayat bhavan me,Rural Development (Panchayati Raj),Low
talaab par kabza ho raha hai Village Basrehar gaon mein,Rural Development (Panchayati Raj),Medium
vaccine kab lagega Village Chhata center par?,Health (Medical),Low
park needs cleaning in Raebareli Market residential area,Sanitation & Water (Jal Nigam/Nagar Nigam),Low
water pipeline leakage wasting water in Remote area of Sonbhadra,Sanitation & Water (Jal Nigam/Nagar Nigam),Medium
zebra crossing repaint kara do Village Rampur chowk par,Roads (PWD/NHAI),Low
zebra crossing repaint kara do Agra Fort area chowk par,Roads (PWD/NHAI),Low
"ambulance nahi aa rahi Block Malihabad mein, patient serious hai",Health (Medical),High
"road caved in due to heavy rain in Prayagraj City, traffic blocked",Roads (PWD/NHAI),High
zebra crossing repaint kara do Agra Fort area chowk par,Roads (PWD/NHAI),Low
passport verification pending at Village Basrehar thana for 2 weeks,Police (Home Dept),Low
library books request for Remote area of Sonbhadra village school,Rural Development (Panchayati Raj),Low
ganda paani nalo se aa raha hai Unnao City area me,Sanitation & Water (Jal Nigam/Nagar Nigam),High
footpath tiles broken in some places at Sitapur One,Roads (PWD/NHAI),Low
"vaccine kab lagega Gomti Nagar, Lucknow center par?",Health (Medical),Low
fake medicine racket operating in Village Basrehar medical stores,Health (Medical),High
mnrega ka paisa nahi mila Block Malihabad mein,Rural Development (Panchayati Raj),High
footpath tiles broken in some places at Basti,Roads (PWD/NHAI),Low
"public toilet tap is dripping in Hazratganj, Lucknow",Sanitation & Water (Jal Nigam/Nagar Nigam),Low
character certificate chahiye Barabanki Town police station se,Police (Home Dept),Low
zebra crossing repaint kara do Post Kakori chowk par,Roads (PWD/NHAI),Low
"Gonda City me transformer jal gaya hai, turant change karein",Electricity (UPPCL),High
library books request for Village Chhata village school,Rural Development (Panchayati Raj),Low
frequent power cuts in Meerut City is affecting exam preparation,Electricity (UPPCL),Medium
mobile phone snatched while walking in Hardoi City,Police (Home Dept),Medium
phone chori ho gaya Post Kakori market me,Police (Home Dept),Medium
child kidnapped from Prayagraj City school area,Police (Home Dept),High
"Agra Fort area me transformer jal gaya hai, turant change karein",Electricity (UPPCL),High
dogs roaming inside the ward at Etawah Main chc,Health (Medical),Medium
bijli ka bill bahut jyada aaya hai Gram Panchayat Bojhi mein,Electricity (UPPCL),Medium
road construction incomplete in Barabanki Town,Roads (PWD/NHAI),Medium
"road caved in due to heavy rain in Village Basrehar, traffic blocked",Roads (PWD/NHAI),High
bijli ka bill bahut jyada aaya hai Village Rampur mein,Electricity (UPPCL),Medium
"passport verification pending at Gomti Nagar, Lucknow thana for 2 weeks",Police (Home Dept),Low
road construction incomplete in Village Chhata,Roads (PWD/NHAI),Medium
stray cattle destroying crops in Remote area of Sonbhadra farms,Rural Development (Panchayati Raj),Medium
"meter reading galat hai Sigra, Varanasi wale ghar ki",Electricity (UPPCL),Medium
garbage truck not coming to Faizabad Chowk for last 3 days,Sanitation & Water (Jal Nigam/Nagar Nigam),Medium
poore gaon mein light nahi hai Raebareli Market mein pichle 2 din se,Electricity (UPPCL),High
public toilet tap is dripping in Gram Panchayat Bojhi,Sanitation & Water (Jal Nigam/Nagar Nigam),Low
pradhan ne paisa kha liya Village Rampur road ka,Rural Development (Panchayati Raj),High
garbage truck not coming to Etawah Main for last 3 days,Sanitation & Water (Jal Nigam/Nagar Nigam),Medium
"need a sign board direction for Gomti Nagar, Lucknow village",Roads (PWD/NHAI),Low
"chori ho gayi hai Gram Kachhona mein, police bhejo",Police (Home Dept),High
internet nahi chal raha Remote area of Sonbhadra panchayat bhavan me,Rural Development (Panchayati Raj),Low
"handpump kharab hai Hazratganj, Lucknow mein",Sanitation & Water (Jal Nigam/Nagar Nigam),Medium
solar panel subsidy ki jankari chahiye Village Basrehar ke liye,Electricity (UPPCL),Low
"sewage water mixing with drinking water in Barabanki Town, kids falling sick",Sanitation & Water (Jal Nigam/Nagar Nigam),High
"street light pole looking tilted in Civil Lines, Kanpur",Electricity (UPPCL),Low
general query about filing fir online for Barabanki Town resident,Police (Home Dept),Low
water pipeline leakage wasting water in Sitapur One,Sanitation & Water (Jal Nigam/Nagar Nigam),Medium
"ambulance nahi aa rahi Unnao City mein, patient serious hai",Health (Medical),High
"chori ho gayi hai Civil Lines, Kanpur mein, police bhejo",Police (Home Dept),High
armed robbery in shop at Etawah Main market last night,Police (Home Dept),High
need a sign board direction for Bareilly Cantt village,Roads (PWD/NHAI),Low
vaccine kab lagega Faizabad Chowk center par?,Health (Medical),Low
ladayi ho rahi hai Prayagraj City chourahe par,Police (Home Dept),High
bijli ka bill bahut jyada aaya hai Faizabad Chowk mein,Electricity (UPPCL),Medium
talaab par kabza ho raha hai Post Kakori gaon mein,Rural Development (Panchayati Raj),Medium
general query about filing fir online for Unnao City resident,Police (Home Dept),Low
"traffic police asking for bribe at Hazratganj, Lucknow crossing",Police (Home Dept),Medium
" मच्छर बहुत हो गए हैं Gram Kachhona में, फॉगिंग करवाओ",Sanitation & Water (Jal Nigam/Nagar Nigam),Low
"bridge railing toot gayi hai Sigra, Varanasi mein",Roads (PWD/NHAI),High
kachra uthane vali gaadi nahi aayi Gonda City mein,Sanitation & Water (Jal Nigam/Nagar Nigam),Medium
request to start sewing center for women in Remote area of Sonbhadra,Rural Development (Panchayati Raj),Low
"clean water nahi aa raha hai Tehsil Bikapur mein, paani bohot ganda hai",Sanitation & Water (Jal Nigam/Nagar Nigam),High
internet nahi chal raha Remote area of Sonbhadra panchayat bhavan me,Rural Development (Panchayati Raj),Low
"low voltage problem in Hazratganj, Lucknow during evening hours",Electricity (UPPCL),Medium
need a sign board direction for Block Malihabad village,Roads (PWD/NHAI),Low
bridge railing toot gayi hai Village Chhata mein,Roads (PWD/NHAI),High
library books request for Gram Kachhona village school,Rural Development (Panchayati Raj),Low
long waiting line for opd registration in Basti,Health (Medical),Low
"Barabanki Town me transformer jal gaya hai, turant change karein",Electricity (UPPCL),High
pradhan ne paisa kha liya Remote area of Sonbhadra road ka,Rural Development (Panchayati Raj),High
"low voltage problem in Sigra, Varanasi during evening hours",Electricity (UPPCL),Medium
long waiting line for opd registration in Noida Sector 18,Health (Medical),Low
"sewage water mixing with drinking water in Basti, kids falling sick",Sanitation & Water (Jal Nigam/Nagar Nigam),High
ladayi ho rahi hai Hardoi City chourahe par,Police (Home Dept),High
footpath tiles broken in some places at Mau Tehsil,Roads (PWD/NHAI),Low
park needs cleaning in Meerut City residential area,Sanitation & Water (Jal Nigam/Nagar Nigam),Low
stray cattle destroying crops in Village Rampur farms,Rural Development (Panchayati Raj),Medium
solar panel subsidy ki jankari chahiye Gram Kachhona ke liye,Electricity (UPPCL),Low
sadak par bada gadda hai Agra Fort area market ke paas,Roads (PWD/NHAI),High
loudspeaker shor kar raha hai Village Rampur mein raat ko,Police (Home Dept),Medium
"clean water nahi aa raha hai Meerut City mein, paani bohot ganda hai",Sanitation & Water (Jal Nigam/Nagar Nigam),High
sadak toot gayi hai Prayagraj City mein,Roads (PWD/NHAI),Medium
huge crater in middle of road at Village Chhata causing accidents daily,Roads (PWD/NHAI),High
park needs cleaning in Meerut City residential area,Sanitation & Water (Jal Nigam/Nagar Nigam),Low
" मच्छर बहुत हो गए हैं Post Kakori में, फॉगिंग करवाओ",Sanitation & Water (Jal Nigam/Nagar Nigam),Low
"sewage water mixing with drinking water in Remote area of Sonbhadra, kids falling sick",Sanitation & Water (Jal Nigam/Nagar Nigam),High
park needs cleaning in Gonda City residential area,Sanitation & Water (Jal Nigam/Nagar Nigam),Low
library books request for Post Kakori village school,Rural Development (Panchayati Raj),Low
need a sign board direction for Block Malihabad village,Roads (PWD/NHAI),Low
pradhan embezzled all money for road construction in Gram Panchayat Bojhi,Rural Development (Panchayati Raj),High
sadak toot gayi hai Hardoi City mein,Roads (PWD/NHAI),Medium
"need a sign board direction for Sigra, Varanasi village",Roads (PWD/NHAI),Low
long waiting line for opd registration in Post Kakori,Health (Medical),Low
talaab par kabza ho raha hai Village Rampur gaon mein,Rural Development (Panchayati Raj),Medium
library books request for Village Basrehar village school,Rural Development (Panchayati Raj),Low
talaab par kabza ho raha hai Remote area of Sonbhadra gaon mein,Rural Development (Panchayati Raj),Medium
passport verification pending at Meerut City thana for 2 weeks,Police (Home Dept),Low
"handpump kharab hai Gomti Nagar, Lucknow mein",Sanitation & Water (Jal Nigam/Nagar Nigam),Medium
"open manhole on main road in Hardoi City, heavy accident risk",Sanitation & Water (Jal Nigam/Nagar Nigam),High
child kidnapped from Village Rampur school area,Police (Home Dept),High
phone chori ho gaya Mau Tehsil market me,Police (Home Dept),Medium
ladayi ho rahi hai Raebareli Market chourahe par,Police (Home Dept),High
"ladayi ho rahi hai Hazratganj, Lucknow chourahe par",Police (Home Dept),High
passport verification pending at Gram Kachhona thana for 2 weeks,Police (Home Dept),Low
zebra crossing repaint kara do Meerut City chowk par,Roads (PWD/NHAI),Low
traffic police asking for bribe at Meerut City crossing,Police (Home Dept),Medium
dogs roaming inside the ward at Post Kakori chc,Health (Medical),Medium
frequent power cuts in Unnao City is affecting exam preparation,Electricity (UPPCL),Medium
village pond is being encroached by builder in Gram Kachhona,Rural Development (Panchayati Raj),Medium
stray cattle destroying crops in Village Rampur farms,Rural Development (Panchayati Raj),Medium
handpump kharab hai Bareilly Cantt mein,Sanitation & Water (Jal Nigam/Nagar Nigam),Medium
internet nahi chal raha Tehsil Bikapur panchayat bhavan me,Rural Development (Panchayati Raj),Low
road construction incomplete in Block Malihabad,Roads (PWD/NHAI),Medium
meter name change application pending in Gonda City,Electricity (UPPCL),Low
encroachment by shopkeepers on road in Barabanki Town,Roads (PWD/NHAI),Medium
encroachment by shopkeepers on road in Bareilly Cantt,Roads (PWD/NHAI),Medium
zebra crossing repaint kara do Orai chowk par,Roads (PWD/NHAI),Low
garbage truck not coming to Prayagraj City for last 3 days,Sanitation & Water (Jal Nigam/Nagar Nigam),Medium
mobile phone snatched while walking in Gram Panchayat Bojhi,Police (Home Dept),Medium
unhygienic toilets in the Gram Kachhona government hospital,Health (Medical),Medium
"bijli ka bill bahut jyada aaya hai Hazratganj, Lucknow mein",Electricity (UPPCL),Medium
vaccine kab lagega Sitapur One center par?,Health (Medical),Low
" मच्छर बहुत हो गए हैं Remote area of Sonbhadra में, फॉगिंग करवाओ",Sanitation & Water (Jal Nigam/Nagar Nigam),Low
"frequent power cuts in Gomti Nagar, Lucknow is affecting exam preparation",Electricity (UPPCL),Medium
solar panel subsidy ki jankari chahiye Agra Fort area ke liye,Electricity (UPPCL),Low
child kidnapped from Etawah Main school area,Police (Home Dept),High
fake medicine racket operating in Unnao City medical stores,Health (Medical),High
frequent power cuts in Block Malihabad is affecting exam preparation,Electricity (UPPCL),Medium
public toilet tap is dripping in Basti,Sanitation & Water (Jal Nigam/Nagar Nigam),Low
meter reading galat hai Orai wale ghar ki,Electricity (UPPCL),Medium
traffic police asking for bribe at Gram Kachhona crossing,Police (Home Dept),Medium
bijli ka bill bahut jyada aaya hai Block Malihabad mein,Electricity (UPPCL),Medium
"primary school roof is leaking in Village Rampur, dangerous for kids",Rural Development (Panchayati Raj),Medium
library books request for Village Basrehar village school,Rural Development (Panchayati Raj),Low
water pipeline leakage wasting water in Sitapur One,Sanitation & Water (Jal Nigam/Nagar Nigam),Medium
solar panel subsidy ki jankari chahiye Bareilly Cantt ke liye,Electricity (UPPCL),Low
huge crater in middle of road at Meerut City causing accidents daily,Roads (PWD/NHAI),High
zebra crossing repaint kara do Bareilly Cantt chowk par,Roads (PWD/NHAI),Low
kachra uthane vali gaadi nahi aayi Basti mein,Sanitation & Water (Jal Nigam/Nagar Nigam),Medium
x-ray machine kharab hai Ghaziabad mein,Health (Medical),Medium
dogs roaming inside the ward at Gonda City chc,Health (Medical),Medium
"live wire fell on the street in Village Chhata, huge danger to kids",Electricity (UPPCL),High
"need a sign board direction for Hazratganj, Lucknow village",Roads (PWD/NHAI),Low
village pond is being encroached by builder in Block Malihabad,Rural Development (Panchayati Raj),Medium
pradhan ne paisa kha liya Tehsil Bikapur road ka,Rural Development (Panchayati Raj),High
kachra uthane vali gaadi nahi aayi Gonda City mein,Sanitation & Water (Jal Nigam/Nagar Nigam),Medium
public toilet tap is dripping in Gram Panchayat Bojhi,Sanitation & Water (Jal Nigam/Nagar Nigam),Low
"child kidnapped from Gomti Nagar, Lucknow school area",Police (Home Dept),High
huge crater in middle of road at Village Chhata causing accidents daily,Roads (PWD/NHAI),High
traffic police asking for bribe at Meerut City crossing,Police (Home Dept),Medium
water pipeline leakage wasting water in Post Kakori,Sanitation & Water (Jal Nigam/Nagar Nigam),Medium
sadak toot gayi hai Basti mein,Roads (PWD/NHAI),Medium
stray cattle destroying crops in Gram Panchayat Bojhi farms,Rural Development (Panchayati Raj),Medium
character certificate chahiye Sitapur One police station se,Police (Home Dept),Low
"character certificate chahiye Gomti Nagar, Lucknow police station se",Police (Home Dept),Low
"encroachment by shopkeepers on road in Sigra, Varanasi",Roads (PWD/NHAI),Medium
"garbage truck not coming to Sigra, Varanasi for last 3 days",Sanitation & Water (Jal Nigam/Nagar Nigam),Medium
long waiting line for opd registration in Prayagraj City,Health (Medical),Low
"chori ho gayi hai Post Kakori mein, police bhejo",Police (Home Dept),High
pradhan embezzled all money for road construction in Post Kakori,Rural Development (Panchayati Raj),High
poore gaon mein light nahi hai Faizabad Chowk mein pichle 2 din se,Electricity (UPPCL),High
street light pole looking tilted in Raebareli Market,Electricity (UPPCL),Low
kachra uthane vali gaadi nahi aayi Noida Sector 18 mein,Sanitation & Water (Jal Nigam/Nagar Nigam),Medium
"Raebareli Market me transformer jal gaya hai, turant change karein",Electricity (UPPCL),High
stray cattle destroying crops in Village Rampur farms,Rural Development (Panchayati Raj),Medium
doctor refused to treat critical patient in Barabanki Town phc,Health (Medical),High
pradhan embezzled all money for road construction in Village Basrehar,Rural Development (Panchayati Raj),High
"clean water nahi aa raha hai Village Rampur mein, paani bohot ganda hai",Sanitation & Water (Jal Nigam/Nagar Nigam),High
internet nahi chal raha Tehsil Bikapur panchayat bhavan me,Rural Development (Panchayati Raj),Low
potholes needs repair in Orai before monsoon,Roads (PWD/NHAI),Medium
vaccine kab lagega Raebareli Market center par?,Health (Medical),Low
garbage truck not coming to Sitapur One for last 3 days,Sanitation & Water (Jal Nigam/Nagar Nigam),Medium
oxygen cylinder available nahi hai Noida Sector 18 hospital me,Health (Medical),High
long waiting line for opd registration in Unnao City,Health (Medical),Low
"doctor refused to treat critical patient in Sigra, Varanasi phc",Health (Medical),High
zebra crossing repaint kara do Faizabad Chowk chowk par,Roads (PWD/NHAI),Low
"general query about filing fir online for Hazratganj, Lucknow resident",Police (Home Dept),Low
"primary school roof is leaking in Tehsil Bikapur, dangerous for kids",Rural Development (Panchayati Raj),Medium
poore gaon mein light nahi hai Agra Fort area mein pichle 2 din se,Electricity (UPPCL),High
meter reading galat hai Ghaziabad wale ghar ki,Electricity (UPPCL),Medium
water pipeline leakage wasting water in Gonda City,Sanitation & Water (Jal Nigam/Nagar Nigam),Medium
low voltage problem in Gram Kachhona during evening hours,Electricity (UPPCL),Medium
frequent power cuts in Agra Fort area is affecting exam preparation,Electricity (UPPCL),Medium
need a sign board direction for Raebareli Market village,Roads (PWD/NHAI),Low
birth certificate spelling correction request at Raebareli Market,Health (Medical),Low
garbage truck not coming to Basti for last 3 days,Sanitation & Water (Jal Nigam/Nagar Nigam),Medium
" मच्छर बहुत हो गए हैं Remote area of Sonbhadra में, फॉगिंग करवाओ",Sanitation & Water (Jal Nigam/Nagar Nigam),Low
unhygienic toilets in the Village Rampur government hospital,Health (Medical),Medium
"zebra crossing repaint kara do Sigra, Varanasi chowk par",Roads (PWD/NHAI),Low
vaccine kab lagega Gonda City center par?,Health (Medical),Low
birth certificate spelling correction request at Village Basrehar,Health (Medical),Low
garbage truck not coming to Village Basrehar for last 3 days,Sanitation & Water (Jal Nigam/Nagar Nigam),Medium
"sewage water mixing with drinking water in Tehsil Bikapur, kids falling sick",Sanitation & Water (Jal Nigam/Nagar Nigam),High
library books request for Village Basrehar village school,Rural Development (Panchayati Raj),Low
long waiting line for opd registration in Gram Kachhona,Health (Medical),Low
library books request for Village Chhata village school,Rural Development (Panchayati Raj),Low
huge crater in middle of road at Unnao City causing accidents daily,Roads (PWD/NHAI),High
phone chori ho gaya Prayagraj City market me,Police (Home Dept),Medium
traffic police asking for bribe at Bareilly Cantt crossing,Police (Home Dept),Medium
street light pole looking tilted in Village Basrehar,Electricity (UPPCL),Low
"sewage water mixing with drinking water in Sitapur One, kids falling sick",Sanitation & Water (Jal Nigam/Nagar Nigam),High
"zebra crossing repaint kara do Civil Lines, Kanpur chowk par",Roads (PWD/NHAI),Low
solar panel subsidy ki jankari chahiye Village Chhata ke liye,Electricity (UPPCL),Low
mnrega ka paisa nahi mila Gram Kachhona mein,Rural Development (Panchayati Raj),High
handpump kharab hai Orai mein,Sanitation & Water (Jal Nigam/Nagar Nigam),Medium
kachra uthane vali gaadi nahi aayi Agra Fort area mein,Sanitation & Water (Jal Nigam/Nagar Nigam),Medium
"frequent power cuts in Civil Lines, Kanpur is affecting exam preparation",Electricity (UPPCL),Medium
"ambulance nahi aa rahi Unnao City mein, patient serious hai",Health (Medical),High
armed robbery in shop at Remote area of Sonbhadra market last night,Police (Home Dept),High
meter name change application pending in Mau Tehsil,Electricity (UPPCL),Low
"character certificate chahiye Civil Lines, Kanpur police station se",Police (Home Dept),Low
x-ray machine kharab hai Post Kakori mein,Health (Medical),Medium
public toilet tap is dripping in Mau Tehsil,Sanitation & Water (Jal Nigam/Nagar Nigam),Low
ladayi ho rahi hai Raebareli Market chourahe par,Police (Home Dept),High
public toilet tap is dripping in Remote area of Sonbhadra,Sanitation & Water (Jal Nigam/Nagar Nigam),Low
ladayi ho rahi hai Gonda City chourahe par,Police (Home Dept),High
meter name change application pending in Gram Panchayat Bojhi,Electricity (UPPCL),Low
"clean water nahi aa raha hai Post Kakori mein, paani bohot ganda hai",Sanitation & Water (Jal Nigam/Nagar Nigam),High
"park needs cleaning in Gomti Nagar, Lucknow residential area",Sanitation & Water (Jal Nigam/Nagar Nigam),Low
ladayi ho rahi hai Sitapur One chourahe par,Police (Home Dept),High
"flood water entered village houses in Tehsil Bikapur, need rescue",Rural Development (Panchayati Raj),High
"primary school roof is leaking in Village Rampur, dangerous for kids",Rural Development (Panchayati Raj),Medium
"Gram Kachhona me transformer jal gaya hai, turant change karein",Electricity (UPPCL),High
poore gaon mein light nahi hai Remote area of Sonbhadra mein pichle 2 din se,Electricity (UPPCL),High
vaccine kab lagega Post Kakori center par?,Health (Medical),Low
"live wire fell on the street in Gram Panchayat Bojhi, huge danger to kids",Electricity (UPPCL),High
garbage truck not coming to Mau Tehsil for last 3 days,Sanitation & Water (Jal Nigam/Nagar Nigam),Medium
"flood water entered village houses in Village Chhata, need rescue",Rural Development (Panchayati Raj),High
"public toilet tap is dripping in Civil Lines, Kanpur",Sanitation & Water (Jal Nigam/Nagar Nigam),Low
potholes needs repair in Barabanki Town before monsoon,Roads (PWD/NHAI),Medium
sadak toot gayi hai Gram Kachhona mein,Roads (PWD/NHAI),Medium
doctor late aate hain Village Basrehar hospital mein,Health (Medical),Medium
"mobile phone snatched while walking in Sigra, Varanasi",Police (Home Dept),Medium
oxygen cylinder available nahi hai Basti hospital me,Health (Medical),High
doctor refused to treat critical patient in Noida Sector 18 phc,Health (Medical),High
meter name change application pending in Village Chhata,Electricity (UPPCL),Low
mnrega ka paisa nahi mila Mau Tehsil mein,Rural Development (Panchayati Raj),High
"primary school roof is leaking in Mau Tehsil, dangerous for kids",Rural Development (Panchayati Raj),Medium
"primary school roof is leaking in Village Basrehar, dangerous for kids",Rural Development (Panchayati Raj),Medium
low voltage problem in Remote area of Sonbhadra during evening hours,Electricity (UPPCL),Medium
internet nahi chal raha Post Kakori panchayat bhavan me,Rural Development (Panchayati Raj),Low
talaab par kabza ho raha hai Post Kakori gaon mein,Rural Development (Panchayati Raj),Medium
phone chori ho gaya Prayagraj City market me,Police (Home Dept),Medium
bijli ka bill bahut jyada aaya hai Noida Sector 18 mein,Electricity (UPPCL),Medium
vaccine kab lagega Gram Kachhona center par?,Health (Medical),Low
"road caved in due to heavy rain in Orai, traffic blocked",Roads (PWD/NHAI),High
pradhan embezzled all money for road construction in Mau Tehsil,Rural Development (Panchayati Raj),High
"meter name change application pending in Civil Lines, Kanpur",Electricity (UPPCL),Low
talaab par kabza ho raha hai Village Rampur gaon mein,Rural Development (Panchayati Raj),Medium
"flood water entered village houses in Village Chhata, need rescue",Rural Development (Panchayati Raj),High
street light pole looking tilted in Remote area of Sonbhadra,Electricity (UPPCL),Low
"meter reading galat hai Civil Lines, Kanpur wale ghar ki",Electricity (UPPCL),Medium
transformer caught fire in Ghaziabad and oil is leaking,Electricity (UPPCL),High
unhygienic toilets in the Prayagraj City government hospital,Health (Medical),Medium
talaab par kabza ho raha hai Village Chhata gaon mein,Rural Development (Panchayati Raj),Medium
request to start sewing center for women in Mau Tehsil,Rural Development (Panchayati Raj),Low
"character certificate chahiye Sigra, Varanasi police station se",Police (Home Dept),Low
pradhan embezzled all money for road construction in Post Kakori,Rural Development (Panchayati Raj),High
village pond is being encroached by builder in Village Chhata,Rural Development (Panchayati Raj),Medium
dogs roaming inside the ward at Gram Kachhona chc,Health (Medical),Medium
"fake medicine racket operating in Gomti Nagar, Lucknow medical stores",Health (Medical),High
meter name change application pending in Mau Tehsil,Electricity (UPPCL),Low
general query about filing fir online for Village Basrehar resident,Police (Home Dept),Low
meter reading galat hai Raebareli Market wale ghar ki,Electricity (UPPCL),Medium
encroachment by shopkeepers on road in Unnao City,Roads (PWD/NHAI),Medium
dogs roaming inside the ward at Raebareli Market chc,Health (Medical),Medium
"oxygen cylinder available nahi hai Gomti Nagar, Lucknow hospital me",Health (Medical),High
solar panel subsidy ki jankari chahiye Remote area of Sonbhadra ke liye,Electricity (UPPCL),Low
"flood water entered village houses in Village Basrehar, need rescue",Rural Development (Panchayati Raj),High
frequent power cuts in Meerut City is affecting exam preparation,Electricity (UPPCL),Medium
phone chori ho gaya Raebareli Market market me,Police (Home Dept),Medium
vaccine kab lagega Block Malihabad center par?,Health (Medical),Low
bridge railing toot gayi hai Gonda City mein,Roads (PWD/NHAI),High
library books request for Gram Kachhona village school,Rural Development (Panchayati Raj),Low
child kidnapped from Post Kakori school area,Police (Home Dept),High
general query about filing fir online for Hardoi City resident,Police (Home Dept),Low
"huge crater in middle of road at Sigra, Varanasi causing accidents daily",Roads (PWD/NHAI),High
library books request for Block Malihabad village school,Rural Development (Panchayati Raj),Low
zebra crossing repaint kara do Agra Fort area chowk par,Roads (PWD/NHAI),Low
"live wire fell on the street in Gomti Nagar, Lucknow, huge danger to kids",Electricity (UPPCL),High
unhygienic toilets in the Gonda City government hospital,Health (Medical),Medium
talaab par kabza ho raha hai Village Basrehar gaon mein,Rural Development (Panchayati Raj),Medium
"road caved in due to heavy rain in Hazratganj, Lucknow, traffic blocked",Roads (PWD/NHAI),High
low voltage problem in Sitapur One during evening hours,Electricity (UPPCL),Medium
"ladayi ho rahi hai Civil Lines, Kanpur chourahe par",Police (Home Dept),High
birth certificate spelling correction request at Block Malihabad,Health (Medical),Low
passport verification pending at Basti thana for 2 weeks,Police (Home Dept),Low
"traffic police asking for bribe at Hazratganj, Lucknow crossing",Police (Home Dept),Medium
"clean water nahi aa raha hai Orai mein, paani bohot ganda hai",Sanitation & Water (Jal Nigam/Nagar Nigam),High
solar panel subsidy ki jankari chahiye Bareilly Cantt ke liye,Electricity (UPPCL),Low
transformer caught fire in Agra Fort area and oil is leaking,Electricity (UPPCL),High
" मच्छर बहुत हो गए हैं Gomti Nagar, Lucknow में, फॉगिंग करवाओ",Sanitation & Water (Jal Nigam/Nagar Nigam),Low
"long waiting line for opd registration in Sigra, Varanasi",Health (Medical),Low
road construction incomplete in Bareilly Cantt,Roads (PWD/NHAI),Medium
"bridge railing toot gayi hai Gomti Nagar, Lucknow mein",Roads (PWD/NHAI),High
library books request for Village Basrehar village school,Rural Development (Panchayati Raj),Low
"clean water nahi aa raha hai Noida Sector 18 mein, paani bohot ganda hai",Sanitation & Water (Jal Nigam/Nagar Nigam),High
"bridge railing toot gayi hai Gomti Nagar, Lucknow mein",Roads (PWD/NHAI),High
internet nahi chal raha Gram Panchayat Bojhi panchayat bhavan me,Rural Development (Panchayati Raj),Low
sadak par bada gadda hai Gram Kachhona market ke paas,Roads (PWD/NHAI),High
"clean water nahi aa raha hai Unnao City mein, paani bohot ganda hai",Sanitation & Water (Jal Nigam/Nagar Nigam),High
" मच्छर बहुत हो गए हैं Civil Lines, Kanpur में, फॉगिंग करवाओ",Sanitation & Water (Jal Nigam/Nagar Nigam),Low
encroachment by shopkeepers on road in Village Chhata,Roads (PWD/NHAI),Medium
phone chori ho gaya Unnao City market me,Police (Home Dept),Medium
"oxygen cylinder available nahi hai Hazratganj, Lucknow hospital me",Health (Medical),High
meter reading galat hai Block Malihabad wale ghar ki,Electricity (UPPCL),Medium
public toilet tap is dripping in Post Kakori,Sanitation & Water (Jal Nigam/Nagar Nigam),Low
"water pipeline leakage wasting water in Gomti Nagar, Lucknow",Sanitation & Water (Jal Nigam/Nagar Nigam),Medium
" मच्छर बहुत हो गए हैं Meerut City में, फॉगिंग करवाओ",Sanitation & Water (Jal Nigam/Nagar Nigam),Low
footpath tiles broken in some places at Tehsil Bikapur,Roads (PWD/NHAI),Low
"live wire fell on the street in Village Rampur, huge danger to kids",Electricity (UPPCL),High
armed robbery in shop at Basti market last night,Police (Home Dept),High
garbage truck not coming to Faizabad Chowk for last 3 days,Sanitation & Water (Jal Nigam/Nagar Nigam),Medium
meter reading galat hai Hardoi City wale ghar ki,Electricity (UPPCL),Medium
internet nahi chal raha Block Malihabad panchayat bhavan me,Rural Development (Panchayati Raj),Low
water pipeline leakage wasting water in Ghaziabad,Sanitation & Water (Jal Nigam/Nagar Nigam),Medium
internet nahi chal raha Gram Kachhona panchayat bhavan me,Rural Development (Panchayati Raj),Low
stray cattle destroying crops in Gram Panchayat Bojhi farms,Rural Development (Panchayati Raj),Medium
internet nahi chal raha Mau Tehsil panchayat bhavan me,Rural Development (Panchayati Raj),Low
"sewage water mixing with drinking water in Faizabad Chowk, kids falling sick",Sanitation & Water (Jal Nigam/Nagar Nigam),High
doctor refused to treat critical patient in Raebareli Market phc,Health (Medical),High
ladayi ho rahi hai Prayagraj City chourahe par,Police (Home Dept),High
ladayi ho rahi hai Etawah Main chourahe par,Police (Home Dept),High
"chori ho gayi hai Unnao City mein, police bhejo",Police (Home Dept),High
mobile phone snatched while walking in Sitapur One,Police (Home Dept),Medium
internet nahi chal raha Tehsil Bikapur panchayat bhavan me,Rural Development (Panchayati Raj),Low
vaccine kab lagega Orai center par?,Health (Medical),Low
bridge railing toot gayi hai Ghaziabad mein,Roads (PWD/NHAI),High
"primary school roof is leaking in Remote area of Sonbhadra, dangerous for kids",Rural Development (Panchayati Raj),Medium
street light pole looking tilted in Gram Kachhona,Electricity (UPPCL),Low
child kidnapped from Meerut City school area,Police (Home Dept),High
internet nahi chal raha Post Kakori panchayat bhavan me,Rural Development (Panchayati Raj),Low
vaccine kab lagega Etawah Main center par?,Health (Medical),Low
"ladayi ho rahi hai Sigra, Varanasi chourahe par",Police (Home Dept),High
passport verification pending at Block Malihabad thana for 2 weeks,Police (Home Dept),Low
garbage truck not coming to Noida Sector 18 for last 3 days,Sanitation & Water (Jal Nigam/Nagar Nigam),Medium
public toilet tap is dripping in Prayagraj City,Sanitation & Water (Jal Nigam/Nagar Nigam),Low
solar panel subsidy ki jankari chahiye Agra Fort area ke liye,Electricity (UPPCL),Low
long waiting line for opd registration in Village Rampur,Health (Medical),Low
ganda paani nalo se aa raha hai Meerut City area me,Sanitation & Water (Jal Nigam/Nagar Nigam),High
"dogs roaming inside the ward at Civil Lines, Kanpur chc",Health (Medical),Medium
ganda paani nalo se aa raha hai Gram Kachhona area me,Sanitation & Water (Jal Nigam/Nagar Nigam),High
"loudspeaker shor kar raha hai Hazratganj, Lucknow mein raat ko",Police (Home Dept),Medium
garbage truck not coming to Remote area of Sonbhadra for last 3 days,Sanitation & Water (Jal Nigam/Nagar Nigam),Medium
"clean water nahi aa raha hai Meerut City mein, paani bohot ganda hai",Sanitation & Water (Jal Nigam/Nagar Nigam),High
park needs cleaning in Post Kakori residential area,Sanitation & Water (Jal Nigam/Nagar Nigam),Low
"garbage truck not coming to Hazratganj, Lucknow for last 3 days",Sanitation & Water (Jal Nigam/Nagar Nigam),Medium
"road caved in due to heavy rain in Mau Tehsil, traffic blocked",Roads (PWD/NHAI),High
dogs roaming inside the ward at Ghaziabad chc,Health (Medical),Medium
meter name change application pending in Mau Tehsil,Electricity (UPPCL),Low
water pipeline leakage wasting water in Remote area of Sonbhadra,Sanitation & Water (Jal Nigam/Nagar Nigam),Medium
pradhan ne paisa kha liya Post Kakori road ka,Rural Development (Panchayati Raj),High
"handpump kharab hai Hazratganj, Lucknow mein",Sanitation & Water (Jal Nigam/Nagar Nigam),Medium
low voltage problem in Village Basrehar during evening hours,Electricity (UPPCL),Medium
bijli ka bill bahut jyada aaya hai Bareilly Cantt mein,Electricity (UPPCL),Medium
village pond is being encroached by builder in Village Basrehar,Rural Development (Panchayati Raj),Medium
"sewage water mixing with drinking water in Post Kakori, kids falling sick",Sanitation & Water (Jal Nigam/Nagar Nigam),High
"meter name change application pending in Sigra, Varanasi",Electricity (UPPCL),Low
"ambulance nahi aa rahi Raebareli Market mein, patient serious hai",Health (Medical),High
unhygienic toilets in the Gram Kachhona government hospital,Health (Medical),Medium
solar panel subsidy ki jankari chahiye Agra Fort area ke liye,Electricity (UPPCL),Low
"zebra crossing repaint kara do Gomti Nagar, Lucknow chowk par",Roads (PWD/NHAI),Low
" मच्छर बहुत हो गए हैं Remote area of Sonbhadra में, फॉगिंग करवाओ",Sanitation & Water (Jal Nigam/Nagar Nigam),Low
zebra crossing repaint kara do Barabanki Town chowk par,Roads (PWD/NHAI),Low
child kidnapped from Hardoi City school area,Police (Home Dept),High
"flood water entered village houses in Block Malihabad, need rescue",Rural Development (Panchayati Raj),High
kachra uthane vali gaadi nahi aayi Block Malihabad mein,Sanitation & Water (Jal Nigam/Nagar Nigam),Medium
mnrega ka paisa nahi mila Village Chhata mein,Rural Development (Panchayati Raj),High
library books request for Gram Kachhona village school,Rural Development (Panchayati Raj),Low
huge crater in middle of road at Village Chhata causing accidents daily,Roads (PWD/NHAI),High
handpump kharab hai Raebareli Market mein,Sanitation & Water (Jal Nigam/Nagar Nigam),Medium
long waiting line for opd registration in Orai,Health (Medical),Low
loudspeaker shor kar raha hai Barabanki Town mein raat ko,Police (Home Dept),Medium
passport verification pending at Unnao City thana for 2 weeks,Police (Home Dept),Low
birth certificate spelling correction request at Village Rampur,Health (Medical),Low
oxygen cylinder available nahi hai Village Basrehar hospital me,Health (Medical),High
internet nahi chal raha Village Chhata panchayat bhavan me,Rural Development (Panchayati Raj),Low
huge crater in middle of road at Remote area of Sonbhadra causing accidents daily,Roads (PWD/NHAI),High
footpath tiles broken in some places at Orai,Roads (PWD/NHAI),Low
doctor refused to treat critical patient in Noida Sector 18 phc,Health (Medical),High
stray cattle destroying crops in Mau Tehsil farms,Rural Development (Panchayati Raj),Medium
phone chori ho gaya Prayagraj City market me,Police (Home Dept),Medium
unhygienic toilets in the Block Malihabad government hospital,Health (Medical),Medium
fake medicine racket operating in Sitapur One medical stores,Health (Medical),High
need a sign board direction for Faizabad Chowk village,Roads (PWD/NHAI),Low
"ambulance nahi aa rahi Remote area of Sonbhadra mein, patient serious hai",Health (Medical),High
pradhan embezzled all money for road construction in Post Kakori,Rural Development (Panchayati Raj),High
huge crater in middle of road at Hardoi City causing accidents daily,Roads (PWD/NHAI),High
garbage truck not coming to Mau Tehsil for last 3 days,Sanitation & Water (Jal Nigam/Nagar Nigam),Medium
"sadak toot gayi hai Hazratganj, Lucknow mein",Roads (PWD/NHAI),Medium
solar panel subsidy ki jankari chahiye Noida Sector 18 ke liye,Electricity (UPPCL),Low
library books request for Tehsil Bikapur village school,Rural Development (Panchayati Raj),Low
birth certificate spelling correction request at Faizabad Chowk,Health (Medical),Low
meter name change application pending in Gram Panchayat Bojhi,Electricity (UPPCL),Low
stray cattle destroying crops in Gram Kachhona farms,Rural Development (Panchayati Raj),Medium
phone chori ho gaya Post Kakori market me,Police (Home Dept),Medium
"meter name change application pending in Gomti Nagar, Lucknow",Electricity (UPPCL),Low
doctor refused to treat critical patient in Sitapur One phc,Health (Medical),High
transformer caught fire in Bareilly Cantt and oil is leaking,Electricity (UPPCL),High
long waiting line for opd registration in Remote area of Sonbhadra,Health (Medical),Low
poore gaon mein light nahi hai Hardoi City mein pichle 2 din se,Electricity (UPPCL),High
public toilet tap is dripping in Raebareli Market,Sanitation & Water (Jal Nigam/Nagar Nigam),Low
doctor refused to treat critical patient in Remote area of Sonbhadra phc,Health (Medical),High
mnrega ka paisa nahi mila Village Chhata mein,Rural Development (Panchayati Raj),High
"chori ho gayi hai Sigra, Varanasi mein, police bhejo",Police (Home Dept),High
library books request for Gram Kachhona village school,Rural Development (Panchayati Raj),Low
meter name change application pending in Village Chhata,Electricity (UPPCL),Low
" मच्छर बहुत हो गए हैं Village Basrehar में, फॉगिंग करवाओ",Sanitation & Water (Jal Nigam/Nagar Nigam),Low
"open manhole on main road in Civil Lines, Kanpur, heavy accident risk",Sanitation & Water (Jal Nigam/Nagar Nigam),High
doctor refused to treat critical patient in Village Rampur phc,Health (Medical),High
pradhan ne paisa kha liya Block Malihabad road ka,Rural Development (Panchayati Raj),High
" मच्छर बहुत हो गए हैं Meerut City में, फॉगिंग करवाओ",Sanitation & Water (Jal Nigam/Nagar Nigam),Low
"ganda paani nalo se aa raha hai Civil Lines, Kanpur area me",Sanitation & Water (Jal Nigam/Nagar Nigam),High
"ganda paani nalo se aa raha hai Civil Lines, Kanpur area me",Sanitation & Water (Jal Nigam/Nagar Nigam),High
pradhan ne paisa kha liya Tehsil Bikapur road ka,Rural Development (Panchayati Raj),High
"passport verification pending at Sigra, Varanasi thana for 2 weeks",Police (Home Dept),Low
meter name change application pending in Agra Fort area,Electricity (UPPCL),Low
"chori ho gayi hai Civil Lines, Kanpur mein, police bhejo",Police (Home Dept),High
"ambulance nahi aa rahi Agra Fort area mein, patient serious hai",Health (Medical),High
village pond is being encroached by builder in Village Rampur,Rural Development (Panchayati Raj),Medium
sadak par bada gadda hai Meerut City market ke paas,Roads (PWD/NHAI),High
doctor late aate hain Post Kakori hospital mein,Health (Medical),Medium
road construction incomplete in Agra Fort area,Roads (PWD/NHAI),Medium
road construction incomplete in Block Malihabad,Roads (PWD/NHAI),Medium
huge crater in middle of road at Gonda City causing accidents daily,Roads (PWD/NHAI),High
"ambulance nahi aa rahi Agra Fort area mein, patient serious hai",Health (Medical),High
unhygienic toilets in the Noida Sector 18 government hospital,Health (Medical),Medium
vaccine kab lagega Tehsil Bikapur center par?,Health (Medical),Low
"primary school roof is leaking in Gram Kachhona, dangerous for kids",Rural Development (Panchayati Raj),Medium
general query about filing fir online for Prayagraj City resident,Police (Home Dept),Low
need a sign board direction for Bareilly Cantt village,Roads (PWD/NHAI),Low
potholes needs repair in Orai before monsoon,Roads (PWD/NHAI),Medium
need a sign board direction for Gonda City village,Roads (PWD/NHAI),Low
encroachment by shopkeepers on road in Faizabad Chowk,Roads (PWD/NHAI),Medium
"handpump kharab hai Gomti Nagar, Lucknow mein",Sanitation & Water (Jal Nigam/Nagar Nigam),Medium
"clean water nahi aa raha hai Post Kakori mein, paani bohot ganda hai",Sanitation & Water (Jal Nigam/Nagar Nigam),High
solar panel subsidy ki jankari chahiye Gonda City ke liye,Electricity (UPPCL),Low
stray cattle destroying crops in Remote area of Sonbhadra farms,Rural Development (Panchayati Raj),Medium
"vaccine kab lagega Sigra, Varanasi center par?",Health (Medical),Low
encroachment by shopkeepers on road in Mau Tehsil,Roads (PWD/NHAI),Medium
pradhan embezzled all money for road construction in Gram Kachhona,Rural Development (Panchayati Raj),High
vaccine kab lagega Remote area of Sonbhadra center par?,Health (Medical),Low
"birth certificate spelling correction request at Hazratganj, Lucknow",Health (Medical),Low
garbage truck not coming to Etawah Main for last 3 days,Sanitation & Water (Jal Nigam/Nagar Nigam),Medium
low voltage problem in Tehsil Bikapur during evening hours,Electricity (UPPCL),Medium
sadak par bada gadda hai Unnao City market ke paas,Roads (PWD/NHAI),High
footpath tiles broken in some places at Bareilly Cantt,Roads (PWD/NHAI),Low
traffic police asking for bribe at Bareilly Cantt crossing,Police (Home Dept),Medium
poore gaon mein light nahi hai Bareilly Cantt mein pichle 2 din se,Electricity (UPPCL),High
fake medicine racket operating in Hardoi City medical stores,Health (Medical),High
traffic police asking for bribe at Block Malihabad crossing,Police (Home Dept),Medium
"clean water nahi aa raha hai Block Malihabad mein, paani bohot ganda hai",Sanitation & Water (Jal Nigam/Nagar Nigam),High
footpath tiles broken in some places at Block Malihabad,Roads (PWD/NHAI),Low
"live wire fell on the street in Barabanki Town, huge danger to kids",Electricity (UPPCL),High
park needs cleaning in Etawah Main residential area,Sanitation & Water (Jal Nigam/Nagar Nigam),Low
" मच्छर बहुत हो गए हैं Gram Panchayat Bojhi में, फॉगिंग करवाओ",Sanitation & Water (Jal Nigam/Nagar Nigam),Low
"live wire fell on the street in Hardoi City, huge danger to kids",Electricity (UPPCL),High
park needs cleaning in Block Malihabad residential area,Sanitation & Water (Jal Nigam/Nagar Nigam),Low
public toilet tap is dripping in Agra Fort area,Sanitation & Water (Jal Nigam/Nagar Nigam),Low
phone chori ho gaya Post Kakori market me,Police (Home Dept),Medium
transformer caught fire in Village Rampur and oil is leaking,Electricity (UPPCL),High
armed robbery in shop at Post Kakori market last night,Police (Home Dept),High
fake medicine racket operating in Tehsil Bikapur medical stores,Health (Medical),High
bijli ka bill bahut jyada aaya hai Barabanki Town mein,Electricity (UPPCL),Medium
footpath tiles broken in some places at Village Basrehar,Roads (PWD/NHAI),Low
meter reading galat hai Agra Fort area wale ghar ki,Electricity (UPPCL),Medium
road construction incomplete in Meerut City,Roads (PWD/NHAI),Medium
birth certificate spelling correction request at Gram Kachhona,Health (Medical),Low
" मच्छर बहुत हो गए हैं Meerut City में, फॉगिंग करवाओ",Sanitation & Water (Jal Nigam/Nagar Nigam),Low
"clean water nahi aa raha hai Remote area of Sonbhadra mein, paani bohot ganda hai",Sanitation & Water (Jal Nigam/Nagar Nigam),High
dogs roaming inside the ward at Bareilly Cantt chc,Health (Medical),Medium
"clean water nahi aa raha hai Gram Kachhona mein, paani bohot ganda hai",Sanitation & Water (Jal Nigam/Nagar Nigam),High
"ambulance nahi aa rahi Hazratganj, Lucknow mein, patient serious hai",Health (Medical),High
internet nahi chal raha Post Kakori panchayat bhavan me,Rural Development (Panchayati Raj),Low
ladayi ho rahi hai Bareilly Cantt chourahe par,Police (Home Dept),High
child kidnapped from Prayagraj City school area,Police (Home Dept),High
child kidnapped from Village Basrehar school area,Police (Home Dept),High
phone chori ho gaya Gram Kachhona market me,Police (Home Dept),Medium
"sewage water mixing with drinking water in Village Rampur, kids falling sick",Sanitation & Water (Jal Nigam/Nagar Nigam),High
sadak par bada gadda hai Noida Sector 18 market ke paas,Roads (PWD/NHAI),High
sadak par bada gadda hai Mau Tehsil market ke paas,Roads (PWD/NHAI),High
meter reading galat hai Basti wale ghar ki,Electricity (UPPCL),Medium
bijli ka bill bahut jyada aaya hai Village Basrehar mein,Electricity (UPPCL),Medium
"footpath tiles broken in some places at Gomti Nagar, Lucknow",Roads (PWD/NHAI),Low
need a sign board direction for Gonda City village,Roads (PWD/NHAI),Low
meter name change application pending in Gonda City,Electricity (UPPCL),Low
character certificate chahiye Raebareli Market police station se,Police (Home Dept),Low
oxygen cylinder available nahi hai Gram Kachhona hospital me,Health (Medical),High
request to start sewing center for women in Tehsil Bikapur,Rural Development (Panchayati Raj),Low
transformer caught fire in Sitapur One and oil is leaking,Electricity (UPPCL),High
low voltage problem in Raebareli Market during evening hours,Electricity (UPPCL),Medium
traffic police asking for bribe at Basti crossing,Police (Home Dept),Medium
solar panel subsidy ki jankari chahiye Village Basrehar ke liye,Electricity (UPPCL),Low
" मच्छर बहुत हो गए हैं Civil Lines, Kanpur में, फॉगिंग करवाओ",Sanitation & Water (Jal Nigam/Nagar Nigam),Low
"loudspeaker shor kar raha hai Sigra, Varanasi mein raat ko",Police (Home Dept),Medium
footpath tiles broken in some places at Unnao City,Roads (PWD/NHAI),Low
internet nahi chal raha Village Rampur panchayat bhavan me,Rural Development (Panchayati Raj),Low
mobile phone snatched while walking in Agra Fort area,Police (Home Dept),Medium
"chori ho gayi hai Post Kakori mein, police bhejo",Police (Home Dept),High
library books request for Post Kakori village school,Rural Development (Panchayati Raj),Low
"open manhole on main road in Mau Tehsil, heavy accident risk",Sanitation & Water (Jal Nigam/Nagar Nigam),High
potholes needs repair in Barabanki Town before monsoon,Roads (PWD/NHAI),Medium
public toilet tap is dripping in Prayagraj City,Sanitation & Water (Jal Nigam/Nagar Nigam),Low
"encroachment by shopkeepers on road in Hazratganj, Lucknow",Roads (PWD/NHAI),Medium
general query about filing fir online for Gram Panchayat Bojhi resident,Police (Home Dept),Low
huge crater in middle of road at Block Malihabad causing accidents daily,Roads (PWD/NHAI),High
frequent power cuts in Remote area of Sonbhadra is affecting exam preparation,Electricity (UPPCL),Medium
solar panel subsidy ki jankari chahiye Prayagraj City ke liye,Electricity (UPPCL),Low
"need a sign board direction for Gomti Nagar, Lucknow village",Roads (PWD/NHAI),Low
" मच्छर बहुत हो गए हैं Meerut City में, फॉगिंग करवाओ",Sanitation & Water (Jal Nigam/Nagar Nigam),Low
"live wire fell on the street in Gomti Nagar, Lucknow, huge danger to kids",Electricity (UPPCL),High
huge crater in middle of road at Remote area of Sonbhadra causing accidents daily,Roads (PWD/NHAI),High
" मच्छर बहुत हो गए हैं Gram Kachhona में, फॉगिंग करवाओ",Sanitation & Water (Jal Nigam/Nagar Nigam),Low
"flood water entered village houses in Gram Panchayat Bojhi, need rescue",Rural Development (Panchayati Raj),High
"flood water entered village houses in Post Kakori, need rescue",Rural Development (Panchayati Raj),High
kachra uthane vali gaadi nahi aayi Agra Fort area mein,Sanitation & Water (Jal Nigam/Nagar Nigam),Medium
sadak toot gayi hai Meerut City mein,Roads (PWD/NHAI),Medium
talaab par kabza ho raha hai Mau Tehsil gaon mein,Rural Development (Panchayati Raj),Medium
public toilet tap is dripping in Village Rampur,Sanitation & Water (Jal Nigam/Nagar Nigam),Low
poore gaon mein light nahi hai Hardoi City mein pichle 2 din se,Electricity (UPPCL),High
need a sign board direction for Hardoi City village,Roads (PWD/NHAI),Low
huge crater in middle of road at Mau Tehsil causing accidents daily,Roads (PWD/NHAI),High
internet nahi chal raha Mau Tehsil panchayat bhavan me,Rural Development (Panchayati Raj),Low
dogs roaming inside the ward at Barabanki Town chc,Health (Medical),Medium
need a sign board direction for Post Kakori village,Roads (PWD/NHAI),Low
talaab par kabza ho raha hai Village Basrehar gaon mein,Rural Development (Panchayati Raj),Medium
"sewage water mixing with drinking water in Tehsil Bikapur, kids falling sick",Sanitation & Water (Jal Nigam/Nagar Nigam),High
character certificate chahiye Etawah Main police station se,Police (Home Dept),Low
unhygienic toilets in the Bareilly Cantt government hospital,Health (Medical),Medium
vaccine kab lagega Etawah Main center par?,Health (Medical),Low
doctor refused to treat critical patient in Village Rampur phc,Health (Medical),High
"transformer caught fire in Sigra, Varanasi and oil is leaking",Electricity (UPPCL),High
"traffic police asking for bribe at Gomti Nagar, Lucknow crossing",Police (Home Dept),Medium
"chori ho gayi hai Post Kakori mein, police bhejo",Police (Home Dept),High
talaab par kabza ho raha hai Village Rampur gaon mein,Rural Development (Panchayati Raj),Medium
unhygienic toilets in the Barabanki Town government hospital,Health (Medical),Medium
phone chori ho gaya Remote area of Sonbhadra market me,Police (Home Dept),Medium
phone chori ho gaya Raebareli Market market me,Police (Home Dept),Medium
"sewage water mixing with drinking water in Basti, kids falling sick",Sanitation & Water (Jal Nigam/Nagar Nigam),High
encroachment by shopkeepers on road in Barabanki Town,Roads (PWD/NHAI),Medium
"sewage water mixing with drinking water in Sigra, Varanasi, kids falling sick",Sanitation & Water (Jal Nigam/Nagar Nigam),High
armed robbery in shop at Gram Kachhona market last night,Police (Home Dept),High
potholes needs repair in Gonda City before monsoon,Roads (PWD/NHAI),Medium
"ambulance nahi aa rahi Meerut City mein, patient serious hai",Health (Medical),High
talaab par kabza ho raha hai Gram Kachhona gaon mein,Rural Development (Panchayati Raj),Medium
dogs roaming inside the ward at Basti chc,Health (Medical),Medium
"open manhole on main road in Gomti Nagar, Lucknow, heavy accident risk",Sanitation & Water (Jal Nigam/Nagar Nigam),High
doctor late aate hain Unnao City hospital mein,Health (Medical),Medium
request to start sewing center for women in Village Basrehar,Rural Development (Panchayati Raj),Low
child kidnapped from Post Kakori school area,Police (Home Dept),High
general query about filing fir online for Gram Panchayat Bojhi resident,Police (Home Dept),Low
need a sign board direction for Bareilly Cantt village,Roads (PWD/NHAI),Low
character certificate chahiye Orai police station se,Police (Home Dept),Low
"mobile phone snatched while walking in Civil Lines, Kanpur",Police (Home Dept),Medium
"live wire fell on the street in Bareilly Cantt, huge danger to kids",Electricity (UPPCL),High
"Post Kakori me transformer jal gaya hai, turant change karein",Electricity (UPPCL),High
doctor refused to treat critical patient in Village Basrehar phc,Health (Medical),High
"ambulance nahi aa rahi Unnao City mein, patient serious hai",Health (Medical),High
internet nahi chal raha Remote area of Sonbhadra panchayat bhavan me,Rural Development (Panchayati Raj),Low
"primary school roof is leaking in Tehsil Bikapur, dangerous for kids",Rural Development (Panchayati Raj),Medium
park needs cleaning in Bareilly Cantt residential area,Sanitation & Water (Jal Nigam/Nagar Nigam),Low
need a sign board direction for Hardoi City village,Roads (PWD/NHAI),Low
"meter name change application pending in Hazratganj, Lucknow",Electricity (UPPCL),Low
"Hardoi City me transformer jal gaya hai, turant change karein",Electricity (UPPCL),High
park needs cleaning in Block Malihabad residential area,Sanitation & Water (Jal Nigam/Nagar Nigam),Low
meter reading galat hai Remote area of Sonbhadra wale ghar ki,Electricity (UPPCL),Medium
"poore gaon mein light nahi hai Sigra, Varanasi mein pichle 2 din se",Electricity (UPPCL),High
kachra uthane vali gaadi nahi aayi Village Chhata mein,Sanitation & Water (Jal Nigam/Nagar Nigam),Medium
fake medicine racket operating in Village Basrehar medical stores,Health (Medical),High
"open manhole on main road in Gram Panchayat Bojhi, heavy accident risk",Sanitation & Water (Jal Nigam/Nagar Nigam),High
street light pole looking tilted in Orai,Electricity (UPPCL),Low
library books request for Post Kakori village school,Rural Development (Panchayati Raj),Low
pradhan embezzled all money for road construction in Gram Panchayat Bojhi,Rural Development (Panchayati Raj),High
handpump kharab hai Ghaziabad mein,Sanitation & Water (Jal Nigam/Nagar Nigam),Medium
ganda paani nalo se aa raha hai Hardoi City area me,Sanitation & Water (Jal Nigam/Nagar Nigam),High
talaab par kabza ho raha hai Tehsil Bikapur gaon mein,Rural Development (Panchayati Raj),Medium
request to start sewing center for women in Mau Tehsil,Rural Development (Panchayati Raj),Low
transformer caught fire in Post Kakori and oil is leaking,Electricity (UPPCL),High
x-ray machine kharab hai Ghaziabad mein,Health (Medical),Medium
general query about filing fir online for Agra Fort area resident,Police (Home Dept),Low
"low voltage problem in Hazratganj, Lucknow during evening hours",Electricity (UPPCL),Medium
"sewage water mixing with drinking water in Village Basrehar, kids falling sick",Sanitation & Water (Jal Nigam/Nagar Nigam),High
library books request for Village Rampur village school,Rural Development (Panchayati Raj),Low
village pond is being encroached by builder in Remote area of Sonbhadra,Rural Development (Panchayati Raj),Medium
footpath tiles broken in some places at Block Malihabad,Roads (PWD/NHAI),Low
phone chori ho gaya Raebareli Market market me,Police (Home Dept),Medium
"flood water entered village houses in Village Chhata, need rescue",Rural Development (Panchayati Raj),High
x-ray machine kharab hai Gram Kachhona mein,Health (Medical),Medium
x-ray machine kharab hai Agra Fort area mein,Health (Medical),Medium
park needs cleaning in Remote area of Sonbhadra residential area,Sanitation & Water (Jal Nigam/Nagar Nigam),Low
mnrega ka paisa nahi mila Post Kakori mein,Rural Development (Panchayati Raj),High
"character certificate chahiye Gomti Nagar, Lucknow police station se",Police (Home Dept),Low
"live wire fell on the street in Hazratganj, Lucknow, huge danger to kids",Electricity (UPPCL),High
ganda paani nalo se aa raha hai Mau Tehsil area me,Sanitation & Water (Jal Nigam/Nagar Nigam),High
"live wire fell on the street in Civil Lines, Kanpur, huge danger to kids",Electricity (UPPCL),High
pradhan ne paisa kha liya Post Kakori road ka,Rural Development (Panchayati Raj),High
vaccine kab lagega Block Malihabad center par?,Health (Medical),Low
request to start sewing center for women in Village Chhata,Rural Development (Panchayati Raj),Low
park needs cleaning in Meerut City residential area,Sanitation & Water (Jal Nigam/Nagar Nigam),Low
long waiting line for opd registration in Ghaziabad,Health (Medical),Low
zebra crossing repaint kara do Barabanki Town chowk par,Roads (PWD/NHAI),Low
meter name change application pending in Agra Fort area,Electricity (UPPCL),Low
bridge railing toot gayi hai Gram Kachhona mein,Roads (PWD/NHAI),High
"open manhole on main road in Block Malihabad, heavy accident risk",Sanitation & Water (Jal Nigam/Nagar Nigam),High
unhygienic toilets in the Post Kakori government hospital,Health (Medical),Medium
oxygen cylinder available nahi hai Noida Sector 18 hospital me,Health (Medical),High
long waiting line for opd registration in Noida Sector 18,Health (Medical),Low
huge crater in middle of road at Basti causing accidents daily,Roads (PWD/NHAI),High
low voltage problem in Mau Tehsil during evening hours,Electricity (UPPCL),Medium
x-ray machine kharab hai Village Rampur mein,Health (Medical),Medium
child kidnapped from Post Kakori school area,Police (Home Dept),High
huge crater in middle of road at Village Chhata causing accidents daily,Roads (PWD/NHAI),High
pradhan embezzled all money for road construction in Post Kakori,Rural Development (Panchayati Raj),High
long waiting line for opd registration in Raebareli Market,Health (Medical),Low
"child kidnapped from Hazratganj, Lucknow school area",Police (Home Dept),High
"open manhole on main road in Agra Fort area, heavy accident risk",Sanitation & Water (Jal Nigam/Nagar Nigam),High
bijli ka bill bahut jyada aaya hai Gonda City mein,Electricity (UPPCL),Medium
"ambulance nahi aa rahi Barabanki Town mein, patient serious hai",Health (Medical),High
meter name change application pending in Post Kakori,Electricity (UPPCL),Low
pradhan embezzled all money for road construction in Village Basrehar,Rural Development (Panchayati Raj),High
phone chori ho gaya Orai market me,Police (Home Dept),Medium
poore gaon mein light nahi hai Unnao City mein pichle 2 din se,Electricity (UPPCL),High
footpath tiles broken in some places at Unnao City,Roads (PWD/NHAI),Low
long waiting line for opd registration in Ghaziabad,Health (Medical),Low
low voltage problem in Village Basrehar during evening hours,Electricity (UPPCL),Medium
road construction incomplete in Village Basrehar,Roads (PWD/NHAI),Medium
character certificate chahiye Orai police station se,Police (Home Dept),Low
" मच्छर बहुत हो गए हैं Raebareli Market में, फॉगिंग करवाओ",Sanitation & Water (Jal Nigam/Nagar Nigam),Low
meter name change application pending in Gonda City,Electricity (UPPCL),Low
bijli ka bill bahut jyada aaya hai Bareilly Cantt mein,Electricity (UPPCL),Medium
handpump kharab hai Noida Sector 18 mein,Sanitation & Water (Jal Nigam/Nagar Nigam),Medium
need a sign board direction for Village Basrehar village,Roads (PWD/NHAI),Low
pradhan ne paisa kha liya Block Malihabad road ka,Rural Development (Panchayati Raj),High
park needs cleaning in Tehsil Bikapur residential area,Sanitation & Water (Jal Nigam/Nagar Nigam),Low
street light pole looking tilted in Remote area of Sonbhadra,Electricity (UPPCL),Low
solar panel subsidy ki jankari chahiye Faizabad Chowk ke liye,Electricity (UPPCL),Low
"mobile phone snatched while walking in Hazratganj, Lucknow",Police (Home Dept),Medium
"road caved in due to heavy rain in Etawah Main, traffic blocked",Roads (PWD/NHAI),High
sadak toot gayi hai Village Basrehar mein,Roads (PWD/NHAI),Medium
general query about filing fir online for Noida Sector 18 resident,Police (Home Dept),Low
"encroachment by shopkeepers on road in Hazratganj, Lucknow",Roads (PWD/NHAI),Medium
sadak toot gayi hai Bareilly Cantt mein,Roads (PWD/NHAI),Medium
dogs roaming inside the ward at Post Kakori chc,Health (Medical),Medium
"road caved in due to heavy rain in Tehsil Bikapur, traffic blocked",Roads (PWD/NHAI),High
footpath tiles broken in some places at Raebareli Market,Roads (PWD/NHAI),Low
"fake medicine racket operating in Hazratganj, Lucknow medical stores",Health (Medical),High
long waiting line for opd registration in Gonda City,Health (Medical),Low
bijli ka bill bahut jyada aaya hai Meerut City mein,Electricity (UPPCL),Medium
traffic police asking for bribe at Mau Tehsil crossing,Police (Home Dept),Medium
dogs roaming inside the ward at Prayagraj City chc,Health (Medical),Medium
bridge railing toot gayi hai Village Chhata mein,Roads (PWD/NHAI),High
long waiting line for opd registration in Post Kakori,Health (Medical),Low
kachra uthane vali gaadi nahi aayi Unnao City mein,Sanitation & Water (Jal Nigam/Nagar Nigam),Medium
character certificate chahiye Prayagraj City police station se,Police (Home Dept),Low
"primary school roof is leaking in Remote area of Sonbhadra, dangerous for kids",Rural Development (Panchayati Raj),Medium
"Tehsil Bikapur me transformer jal gaya hai, turant change karein",Electricity (UPPCL),High
doctor late aate hain Village Rampur hospital mein,Health (Medical),Medium
"sewage water mixing with drinking water in Basti, kids falling sick",Sanitation & Water (Jal Nigam/Nagar Nigam),High
need a sign board direction for Unnao City village,Roads (PWD/NHAI),Low
"open manhole on main road in Hazratganj, Lucknow, heavy accident risk",Sanitation & Water (Jal Nigam/Nagar Nigam),High
need a sign board direction for Ghaziabad village,Roads (PWD/NHAI),Low
sadak par bada gadda hai Agra Fort area market ke paas,Roads (PWD/NHAI),High
sadak par bada gadda hai Village Basrehar market ke paas,Roads (PWD/NHAI),High
huge crater in middle of road at Basti causing accidents daily,Roads (PWD/NHAI),High
" मच्छर बहुत हो गए हैं Village Chhata में, फॉगिंग करवाओ",Sanitation & Water (Jal Nigam/Nagar Nigam),Low
" मच्छर बहुत हो गए हैं Basti में, फॉगिंग करवाओ",Sanitation & Water (Jal Nigam/Nagar Nigam),Low
"Basti me transformer jal gaya hai, turant change karein",Electricity (UPPCL),High
street light pole looking tilted in Prayagraj City,Electricity (UPPCL),Low
potholes needs repair in Agra Fort area before monsoon,Roads (PWD/NHAI),Medium
dogs roaming inside the ward at Ghaziabad chc,Health (Medical),Medium
character certificate chahiye Gonda City police station se,Police (Home Dept),Low
"bijli ka bill bahut jyada aaya hai Hazratganj, Lucknow mein",Electricity (UPPCL),Medium
"sewage water mixing with drinking water in Agra Fort area, kids falling sick",Sanitation & Water (Jal Nigam/Nagar Nigam),High
stray cattle destroying crops in Mau Tehsil farms,Rural Development (Panchayati Raj),Medium
"sewage water mixing with drinking water in Sigra, Varanasi, kids falling sick",Sanitation & Water (Jal Nigam/Nagar Nigam),High
sadak par bada gadda hai Hardoi City market ke paas,Roads (PWD/NHAI),High
handpump kharab hai Tehsil Bikapur mein,Sanitation & Water (Jal Nigam/Nagar Nigam),Medium
water pipeline leakage wasting water in Gonda City,Sanitation & Water (Jal Nigam/Nagar Nigam),Medium
footpath tiles broken in some places at Raebareli Market,Roads (PWD/NHAI),Low
"sewage water mixing with drinking water in Noida Sector 18, kids falling sick",Sanitation & Water (Jal Nigam/Nagar Nigam),High
zebra crossing repaint kara do Faizabad Chowk chowk par,Roads (PWD/NHAI),Low
encroachment by shopkeepers on road in Village Basrehar,Roads (PWD/NHAI),Medium
vaccine kab lagega Basti center par?,Health (Medical),Low
village pond is being encroached by builder in Village Chhata,Rural Development (Panchayati Raj),Medium
doctor refused to treat critical patient in Basti phc,Health (Medical),High
bridge railing toot gayi hai Village Basrehar mein,Roads (PWD/NHAI),High
general query about filing fir online for Tehsil Bikapur resident,Police (Home Dept),Low
"open manhole on main road in Post Kakori, heavy accident risk",Sanitation & Water (Jal Nigam/Nagar Nigam),High
phone chori ho gaya Block Malihabad market me,Police (Home Dept),Medium
fake medicine racket operating in Raebareli Market medical stores,Health (Medical),High
need a sign board direction for Sitapur One village,Roads (PWD/NHAI),Low
bijli ka bill bahut jyada aaya hai Remote area of Sonbhadra mein,Electricity (UPPCL),Medium
talaab par kabza ho raha hai Gram Kachhona gaon mein,Rural Development (Panchayati Raj),Medium
park needs cleaning in Village Basrehar residential area,Sanitation & Water (Jal Nigam/Nagar Nigam),Low
child kidnapped from Mau Tehsil school area,Police (Home Dept),High
need a sign board direction for Orai village,Roads (PWD/NHAI),Low
need a sign board direction for Village Chhata village,Roads (PWD/NHAI),Low
"flood water entered village houses in Mau Tehsil, need rescue",Rural Development (Panchayati Raj),High
pradhan ne paisa kha liya Tehsil Bikapur road ka,Rural Development (Panchayati Raj),High
"primary school roof is leaking in Gram Kachhona, dangerous for kids",Rural Development (Panchayati Raj),Medium
pradhan ne paisa kha liya Tehsil Bikapur road ka,Rural Development (Panchayati Raj),High
pradhan ne paisa kha liya Remote area of Sonbhadra road ka,Rural Development (Panchayati Raj),High
pradhan ne paisa kha liya Gram Panchayat Bojhi road ka,Rural Development (Panchayati Raj),High
zebra crossing repaint kara do Prayagraj City chowk par,Roads (PWD/NHAI),Low
village pond is being encroached by builder in Tehsil Bikapur,Rural Development (Panchayati Raj),Medium
unhygienic toilets in the Post Kakori government hospital,Health (Medical),Medium
"open manhole on main road in Sigra, Varanasi, heavy accident risk",Sanitation & Water (Jal Nigam/Nagar Nigam),High
mobile phone snatched while walking in Etawah Main,Police (Home Dept),Medium
pradhan embezzled all money for road construction in Village Chhata,Rural Development (Panchayati Raj),High
potholes needs repair in Prayagraj City before monsoon,Roads (PWD/NHAI),Medium
library books request for Gram Panchayat Bojhi village school,Rural Development (Panchayati Raj),Low
"zebra crossing repaint kara do Gomti Nagar, Lucknow chowk par",Roads (PWD/NHAI),Low
potholes needs repair in Gram Kachhona before monsoon,Roads (PWD/NHAI),Medium
"ambulance nahi aa rahi Mau Tehsil mein, patient serious hai",Health (Medical),High
character certificate chahiye Mau Tehsil police station se,Police (Home Dept),Low
encroachment by shopkeepers on road in Unnao City,Roads (PWD/NHAI),Medium
oxygen cylinder available nahi hai Village Basrehar hospital me,Health (Medical),High
street light pole looking tilted in Hardoi City,Electricity (UPPCL),Low
character certificate chahiye Village Basrehar police station se,Police (Home Dept),Low
"sadak par bada gadda hai Hazratganj, Lucknow market ke paas",Roads (PWD/NHAI),High
armed robbery in shop at Village Rampur market last night,Police (Home Dept),High
water pipeline leakage wasting water in Gram Kachhona,Sanitation & Water (Jal Nigam/Nagar Nigam),Medium
"sewage water mixing with drinking water in Block Malihabad, kids falling sick",Sanitation & Water (Jal Nigam/Nagar Nigam),High
armed robbery in shop at Village Rampur market last night,Police (Home Dept),High
child kidnapped from Remote area of Sonbhadra school area,Police (Home Dept),High
need a sign board direction for Block Malihabad village,Roads (PWD/NHAI),Low
armed robbery in shop at Ghaziabad market last night,Police (Home Dept),High
loudspeaker shor kar raha hai Barabanki Town mein raat ko,Police (Home Dept),Medium
meter reading galat hai Meerut City wale ghar ki,Electricity (UPPCL),Medium
library books request for Mau Tehsil village school,Rural Development (Panchayati Raj),Low
need a sign board direction for Post Kakori village,Roads (PWD/NHAI),Low
vaccine kab lagega Gram Panchayat Bojhi center par?,Health (Medical),Low
low voltage problem in Orai during evening hours,Electricity (UPPCL),Medium
dogs roaming inside the ward at Barabanki Town chc,Health (Medical),Medium
x-ray machine kharab hai Agra Fort area mein,Health (Medical),Medium
kachra uthane vali gaadi nahi aayi Block Malihabad mein,Sanitation & Water (Jal Nigam/Nagar Nigam),Medium
unhygienic toilets in the Basti government hospital,Health (Medical),Medium
low voltage problem in Orai during evening hours,Electricity (UPPCL),Medium
"primary school roof is leaking in Village Basrehar, dangerous for kids",Rural Development (Panchayati Raj),Medium
ladayi ho rahi hai Gram Kachhona chourahe par,Police (Home Dept),High
"Village Rampur me transformer jal gaya hai, turant change karein",Electricity (UPPCL),High
unhygienic toilets in the Orai government hospital,Health (Medical),Medium
pradhan ne paisa kha liya Village Rampur road ka,Rural Development (Panchayati Raj),High
footpath tiles broken in some places at Etawah Main,Roads (PWD/NHAI),Low
"road caved in due to heavy rain in Remote area of Sonbhadra, traffic blocked",Roads (PWD/NHAI),High
mobile phone snatched while walking in Remote area of Sonbhadra,Police (Home Dept),Medium
" मच्छर बहुत हो गए हैं Orai में, फॉगिंग करवाओ",Sanitation & Water (Jal Nigam/Nagar Nigam),Low
phone chori ho gaya Raebareli Market market me,Police (Home Dept),Medium
birth certificate spelling correction request at Block Malihabad,Health (Medical),Low
street light pole looking tilted in Village Basrehar,Electricity (UPPCL),Low
stray cattle destroying crops in Gram Panchayat Bojhi farms,Rural Development (Panchayati Raj),Medium
handpump kharab hai Unnao City mein,Sanitation & Water (Jal Nigam/Nagar Nigam),Medium
street light pole looking tilted in Ghaziabad,Electricity (UPPCL),Low
" मच्छर बहुत हो गए हैं Remote area of Sonbhadra में, फॉगिंग करवाओ",Sanitation & Water (Jal Nigam/Nagar Nigam),Low
internet nahi chal raha Post Kakori panchayat bhavan me,Rural Development (Panchayati Raj),Low
solar panel subsidy ki jankari chahiye Hardoi City ke liye,Electricity (UPPCL),Low
internet nahi chal raha Village Chhata panchayat bhavan me,Rural Development (Panchayati Raj),Low
"phone chori ho gaya Hazratganj, Lucknow market me",Police (Home Dept),Medium
transformer caught fire in Orai and oil is leaking,Electricity (UPPCL),High
traffic police asking for bribe at Block Malihabad crossing,Police (Home Dept),Medium
fake medicine racket operating in Gonda City medical stores,Health (Medical),High
dogs roaming inside the ward at Faizabad Chowk chc,Health (Medical),Medium
"road caved in due to heavy rain in Gram Kachhona, traffic blocked",Roads (PWD/NHAI),High
"phone chori ho gaya Hazratganj, Lucknow market me",Police (Home Dept),Medium
armed robbery in shop at Agra Fort area market last night,Police (Home Dept),High
sadak toot gayi hai Post Kakori mein,Roads (PWD/NHAI),Medium
road construction incomplete in Mau Tehsil,Roads (PWD/NHAI),Medium
mnrega ka paisa nahi mila Village Basrehar mein,Rural Development (Panchayati Raj),High
"road caved in due to heavy rain in Hazratganj, Lucknow, traffic blocked",Roads (PWD/NHAI),High
loudspeaker shor kar raha hai Meerut City mein raat ko,Police (Home Dept),Medium
armed robbery in shop at Agra Fort area market last night,Police (Home Dept),High
"potholes needs repair in Hazratganj, Lucknow before monsoon",Roads (PWD/NHAI),Medium
footpath tiles broken in some places at Mau Tehsil,Roads (PWD/NHAI),Low
meter reading galat hai Bareilly Cantt wale ghar ki,Electricity (UPPCL),Medium
request to start sewing center for women in Village Rampur,Rural Development (Panchayati Raj),Low
x-ray machine kharab hai Barabanki Town mein,Health (Medical),Medium
frequent power cuts in Meerut City is affecting exam preparation,Electricity (UPPCL),Medium
park needs cleaning in Faizabad Chowk residential area,Sanitation & Water (Jal Nigam/Nagar Nigam),Low
frequent power cuts in Etawah Main is affecting exam preparation,Electricity (UPPCL),Medium
"primary school roof is leaking in Tehsil Bikapur, dangerous for kids",Rural Development (Panchayati Raj),Medium
pradhan embezzled all money for road construction in Tehsil Bikapur,Rural Development (Panchayati Raj),High
"ambulance nahi aa rahi Gram Kachhona mein, patient serious hai",Health (Medical),High
need a sign board direction for Etawah Main village,Roads (PWD/NHAI),Low
birth certificate spelling correction request at Mau Tehsil,Health (Medical),Low
"meter reading galat hai Civil Lines, Kanpur wale ghar ki",Electricity (UPPCL),Medium
birth certificate spelling correction request at Post Kakori,Health (Medical),Low
garbage truck not coming to Remote area of Sonbhadra for last 3 days,Sanitation & Water (Jal Nigam/Nagar Nigam),Medium
sadak toot gayi hai Village Basrehar mein,Roads (PWD/NHAI),Medium
"mobile phone snatched while walking in Civil Lines, Kanpur",Police (Home Dept),Medium
"ambulance nahi aa rahi Meerut City mein, patient serious hai",Health (Medical),High
traffic police asking for bribe at Noida Sector 18 crossing,Police (Home Dept),Medium
zebra crossing repaint kara do Tehsil Bikapur chowk par,Roads (PWD/NHAI),Low
road construction incomplete in Bareilly Cantt,Roads (PWD/NHAI),Medium
traffic police asking for bribe at Tehsil Bikapur crossing,Police (Home Dept),Medium
sadak toot gayi hai Sitapur One mein,Roads (PWD/NHAI),Medium
bijli ka bill bahut jyada aaya hai Agra Fort area mein,Electricity (UPPCL),Medium
"zebra crossing repaint kara do Sigra, Varanasi chowk par",Roads (PWD/NHAI),Low
need a sign board direction for Gram Panchayat Bojhi village,Roads (PWD/NHAI),Low
child kidnapped from Ghaziabad school area,Police (Home Dept),High
long waiting line for opd registration in Mau Tehsil,Health (Medical),Low
doctor late aate hain Remote area of Sonbhadra hospital mein,Health (Medical),Medium
"fake medicine racket operating in Gomti Nagar, Lucknow medical stores",Health (Medical),High
"live wire fell on the street in Gonda City, huge danger to kids",Electricity (UPPCL),High
passport verification pending at Agra Fort area thana for 2 weeks,Police (Home Dept),Low
"Village Basrehar me transformer jal gaya hai, turant change karein",Electricity (UPPCL),High
"sewage water mixing with drinking water in Noida Sector 18, kids falling sick",Sanitation & Water (Jal Nigam/Nagar Nigam),High
low voltage problem in Unnao City during evening hours,Electricity (UPPCL),Medium
request to start sewing center for women in Block Malihabad,Rural Development (Panchayati Raj),Low
oxygen cylinder available nahi hai Gram Panchayat Bojhi hospital me,Health (Medical),High
vaccine kab lagega Meerut City center par?,Health (Medical),Low
bridge railing toot gayi hai Orai mein,Roads (PWD/NHAI),High
need a sign board direction for Faizabad Chowk village,Roads (PWD/NHAI),Low
bridge railing toot gayi hai Agra Fort area mein,Roads (PWD/NHAI),High
bijli ka bill bahut jyada aaya hai Post Kakori mein,Electricity (UPPCL),Medium
" मच्छर बहुत हो गए हैं Civil Lines, Kanpur में, फॉगिंग करवाओ",Sanitation & Water (Jal Nigam/Nagar Nigam),Low
birth certificate spelling correction request at Agra Fort area,Health (Medical),Low
footpath tiles broken in some places at Raebareli Market,Roads (PWD/NHAI),Low
water pipeline leakage wasting water in Unnao City,Sanitation & Water (Jal Nigam/Nagar Nigam),Medium
garbage truck not coming to Mau Tehsil for last 3 days,Sanitation & Water (Jal Nigam/Nagar Nigam),Medium
"road construction incomplete in Hazratganj, Lucknow",Roads (PWD/NHAI),Medium
oxygen cylinder available nahi hai Hardoi City hospital me,Health (Medical),High
solar panel subsidy ki jankari chahiye Village Chhata ke liye,Electricity (UPPCL),Low
"road caved in due to heavy rain in Orai, traffic blocked",Roads (PWD/NHAI),High
birth certificate spelling correction request at Barabanki Town,Health (Medical),Low
low voltage problem in Unnao City during evening hours,Electricity (UPPCL),Medium
internet nahi chal raha Mau Tehsil panchayat bhavan me,Rural Development (Panchayati Raj),Low
garbage truck not coming to Village Rampur for last 3 days,Sanitation & Water (Jal Nigam/Nagar Nigam),Medium
"child kidnapped from Civil Lines, Kanpur school area",Police (Home Dept),High
phone chori ho gaya Gram Kachhona market me,Police (Home Dept),Medium
"ambulance nahi aa rahi Etawah Main mein, patient serious hai",Health (Medical),High
"sewage water mixing with drinking water in Meerut City, kids falling sick",Sanitation & Water (Jal Nigam/Nagar Nigam),High
"armed robbery in shop at Sigra, Varanasi market last night",Police (Home Dept),High
oxygen cylinder available nahi hai Basti hospital me,Health (Medical),High
"meter reading galat hai Civil Lines, Kanpur wale ghar ki",Electricity (UPPCL),Medium
"primary school roof is leaking in Remote area of Sonbhadra, dangerous for kids",Rural Development (Panchayati Raj),Medium
solar panel subsidy ki jankari chahiye Agra Fort area ke liye,Electricity (UPPCL),Low
meter name change application pending in Remote area of Sonbhadra,Electricity (UPPCL),Low
"primary school roof is leaking in Tehsil Bikapur, dangerous for kids",Rural Development (Panchayati Raj),Medium
transformer caught fire in Orai and oil is leaking,Electricity (UPPCL),High
request to start sewing center for women in Village Basrehar,Rural Development (Panchayati Raj),Low
"water pipeline leakage wasting water in Hazratganj, Lucknow",Sanitation & Water (Jal Nigam/Nagar Nigam),Medium
request to start sewing center for women in Tehsil Bikapur,Rural Development (Panchayati Raj),Low
fake medicine racket operating in Unnao City medical stores,Health (Medical),High
ladayi ho rahi hai Block Malihabad chourahe par,Police (Home Dept),High
x-ray machine kharab hai Tehsil Bikapur mein,Health (Medical),Medium
x-ray machine kharab hai Prayagraj City mein,Health (Medical),Medium
unhygienic toilets in the Etawah Main government hospital,Health (Medical),Medium
"mobile phone snatched while walking in Gomti Nagar, Lucknow",Police (Home Dept),Medium